"Time","Subsystem #1|Branch Currents|IaLine","Subsystem #1|Branch Currents|IbLine","Subsystem #1|Branch Currents|IcLine","Subsystem #1|CTLs|Inputs|LG_FLT"
0.0,0.2646171839,-0.2374068083,-0.02721033485,0.0
0.001,0.2890773252,-0.1736811099,-0.1153961735,0.0
0.002,0.2855482796,-0.09308797981,-0.1924602611,0.0
0.003,0.2537251871,-0.003218937217,-0.250506218,0.0
0.004,0.1971311124,0.08690930034,-0.2840403909,0.0
0.005,0.1213328752,0.1684238691,-0.2897567346,0.0
0.006,0.03341585818,0.2336012264,-0.2670170879,0.0
0.007,-0.05749131986,0.2757001884,-0.2182088847,0.0
0.008,-0.1427498752,0.2908840026,-0.1481341547,0.0
0.009,-0.2139807283,0.2775078228,-0.06352713024,0.0
0.01,-0.264467345,0.2371660813,0.02730122294,0.0
0.011,-0.2888456638,0.1734932478,0.1153523742,0.0
0.012,-0.285282626,0.09301393334,0.192268654,0.0
0.013,-0.2535036715,0.003282671812,0.2502209679,0.0
0.014,-0.1971197141,-0.08669247659,0.2838121689,0.0
0.015,-0.1214077516,-0.1682400425,0.2896477843,0.0
0.016,-0.03365947434,-0.2333979394,0.267057417,0.0
0.017,0.05723352821,-0.2756622074,0.2184286953,0.0
0.018,0.14261227,-0.2909617242,0.1483494814,0.0
0.019,0.2138132169,-0.2776513601,0.06383817892,0.0
0.02,0.2646189118,-0.2374046276,-0.02721424334,0.0
0.021,0.289077715,-0.1736816308,-0.1153960425,0.0
0.022,0.2855494961,-0.09308642985,-0.1924630276,0.0
0.023,0.2537243494,-0.003220992597,-0.250503325,0.0
0.024,0.1971308092,0.08690980324,-0.2840405906,0.0
0.025,0.1213327406,0.1684231139,-0.2897558448,0.0
0.026,0.0334152406,0.2336006508,-0.2670158948,0.0
0.027,-0.05749065035,0.2757007302,-0.218210096,0.0
0.028,-0.1427497516,0.290883495,-0.1481337707,0.0
0.029,-0.2139809003,0.2775074995,-0.06352663497,0.0
0.03,-0.2644666032,0.2371670552,0.0272995072,0.0
0.031,-0.2888463293,0.1734925098,0.1153537777,0.0
0.032,-0.2852824636,0.0930149137,0.1922675113,0.0
0.033,-0.2535035894,0.003282697971,0.2502208596,0.0
0.034,-0.1971199812,-0.08669249337,0.2838124528,0.0
0.035,-0.1214078235,-0.1682398787,0.2896476925,0.0
0.036,-0.03365928733,-0.2333980233,0.2670573139,0.0
0.037,0.05723309998,-0.2756624963,0.2184294124,0.0
0.038,0.1426124921,-0.2909614884,0.1483490236,0.0
0.039,0.2138131843,-0.2776517102,0.06383856163,0.0
0.04,0.2646187032,-0.2374046121,-0.02721405037,0.0
0.041,0.2890780894,-0.1736815628,-0.1153964849,0.0
0.042,0.2855492492,-0.09308651195,-0.1924626985,0.0
0.043,0.253719937,-0.003225227442,-0.2504946778,0.0
0.044,0.1971177185,0.08689669837,-0.284014395,0.0
0.045,0.1213389096,0.1684283548,-0.2897672547,0.0
0.046,0.03340455221,0.2335897885,-0.2669943441,0.0
0.047,-0.05748305786,0.27570866,-0.2182256183,0.0
0.048,-0.1427584356,0.2908752941,-0.1481168857,0.0
0.049,-0.2139708877,0.2775192671,-0.06354841511,0.0
0.05,-0.2644682395,0.2371662322,0.02730196655,0.0
0.051,-0.288843968,0.1734943213,0.115349605,0.0
0.052,-0.2852830341,0.09301490818,0.1922680873,0.0
0.053,-0.2535039319,0.003281692012,0.2502222081,0.0
0.054,-0.197124455,-0.08669703355,0.2838214667,0.0
0.055,-0.1214085899,-0.168239977,0.2896485572,0.0
0.056,-0.03366426336,-0.2334042102,0.2670684769,0.0
0.057,0.05723290138,-0.2756628442,0.2184299589,0.0
0.058,0.1426103887,-0.2909653666,0.1483550051,0.0
0.059,0.2138117945,-0.2776540849,0.06384232621,0.0
0.06,0.2646168858,-0.2374064185,-0.0272104265,0.0
0.061,0.2890770516,-0.1736818618,-0.1153951481,0.0
0.062,0.2855473186,-0.09308854713,-0.1924587328,0.0
0.063,0.2537248945,-0.003219264319,-0.2505055983,0.0
0.064,0.1971300315,0.08690808403,-0.2840380937,0.0
0.065,0.1213329612,0.1684239549,-0.2897569063,0.0
0.066,0.03341456726,0.2335995899,-0.2670141606,0.0
0.067,-0.05749064796,0.2757009678,-0.218210336,0.0
0.068,-0.142750715,0.2908830401,-0.1481323524,0.0
0.069,-0.2139804756,0.2775082053,-0.06352776548,0.0
0.07,-0.2644673091,0.2371662905,0.0273009779,0.0
0.071,-0.2888463769,0.1734925644,0.1153537708,0.0
0.072,-0.2852824608,0.09301433309,0.192268089,0.0
0.073,-0.2535040474,0.003282052315,0.2502219632,0.0
0.074,-0.1971198236,-0.08669258357,0.2838123853,0.0
0.075,-0.1214077624,-0.1682403935,0.2896481461,0.0
0.076,-0.03365960738,-0.233398184,0.2670577948,0.0
0.077,0.05723359859,-0.2756623743,0.2184287918,0.0
0.078,0.1426121987,-0.2909618615,0.14834969,0.0
0.079,0.2138133061,-0.2776513155,0.06383804516,0.0
0.08,0.264618689,-0.2374046986,-0.02721394963,0.0
0.081,0.2890776519,-0.1736814598,-0.1153961502,0.0
0.082,0.2855492836,-0.09308638198,-0.1924628629,0.0
0.083,0.2537084397,-0.003236713831,-0.2504716941,0.0
0.084,0.1971286295,0.08690772858,-0.2840363363,0.0
0.085,0.1213295944,0.1684187174,-0.2897483021,0.0
0.086,0.03341489083,0.2335999077,-0.2670148019,0.0
0.087,-0.05748238049,0.2757089767,-0.2182266123,0.0
0.088,-0.1427502092,0.2908836877,-0.1481335058,0.0
0.089,-0.2139700229,0.2775200085,-0.06355002142,0.0
0.09,-0.2644607105,0.237174801,0.02728586866,0.0
0.091,-0.2888425885,0.1734957049,0.1153468419,0.0
0.092,-0.2852807227,0.09301783899,0.192262845,0.0
0.093,-0.253501181,0.003284689332,0.2502164599,0.0
0.094,-0.1971249282,-0.08669742086,0.2838223272,0.0
0.095,-0.1214061025,-0.1682371999,0.2896432927,0.0
0.096,-0.0336637926,-0.2334038995,0.2670676955,0.0
0.097,0.05723414185,-0.2756612366,0.2184271108,0.0
0.098,0.1426106254,-0.2909653151,0.1483547169,0.0
0.099,0.2138124294,-0.2776529711,0.06384057752,0.0
0.1,0.2646170074,-0.2374065884,-0.02721037816,0.0
0.101,0.2890775592,-0.1736809508,-0.1153965666,0.0
0.102,0.2855479752,-0.09308805817,-0.1924598783,0.0
0.103,0.2537251289,-0.003218873642,-0.2505062234,0.0
0.104,0.1971310388,0.08690908082,-0.2840400978,0.0
0.105,0.121332846,0.1684237173,-0.2897565535,0.0
0.106,0.03341590007,0.2336011645,-0.267017068,0.0
0.107,-0.05749118018,0.2757001584,-0.2182089944,0.0
0.108,-0.1427499562,0.2908840163,-0.1481340874,0.0
0.109,-0.2139805758,0.2775079548,-0.06352741476,0.0
0.11,-0.2644674857,0.2371660185,0.02730142644,0.0
0.111,-0.2888457199,0.173493323,0.1153523552,0.0
0.112,-0.2852827318,0.09301384893,0.1922688441,0.0
0.113,-0.2535036479,0.003282551895,0.2502210642,0.0
0.114,-0.1971197669,-0.0866925872,0.2838123322,0.0
0.115,-0.1214077028,-0.1682402163,0.2896479094,0.0
0.116,-0.03365946731,-0.2333979387,0.2670574094,0.0
0.117,0.05723360966,-0.2756622619,0.2184286683,0.0
0.118,0.1426122731,-0.2909616076,0.1483493617,0.0
0.119,0.2138131563,-0.277651428,0.06383830748,0.0
0.12,0.2646188078,-0.2374044731,-0.0272142939,0.0
0.121,0.289077592,-0.1736817116,-0.1153958387,0.0
0.122,0.2855494062,-0.09308640548,-0.192462962,0.0
0.123,0.2537199352,-0.003225493226,-0.2504944102,0.0
0.124,0.1971177396,0.08689656618,-0.284014284,0.0
0.125,0.1213390938,0.1684281978,-0.2897672819,0.0
0.126,0.03340462556,0.2335895745,-0.2669942034,0.0
0.127,-0.05748298973,0.2757086076,-0.218225634,0.0
0.128,-0.1427583245,0.2908752526,-0.1481169553,0.0
0.129,-0.2139710068,0.2775193215,-0.06354835051,0.0
0.13,-0.2644682679,0.237166372,0.02730185515,0.0
0.131,-0.2888440441,0.1734944496,0.1153495528,0.0
0.132,-0.2852831189,0.09301499257,0.1922680877,0.0
0.133,-0.2535041091,0.003281779057,0.2502222983,0.0
0.134,-0.1971244179,-0.08669700421,0.2838214002,0.0
0.135,-0.1214086605,-0.1682399263,0.2896485771,0.0
0.136,-0.03366418369,-0.2334042429,0.26706843,0.0
0.137,0.05723283978,-0.2756627908,0.2184299671,0.0
0.138,0.1426103972,-0.2909653752,0.1483550053,0.0
0.139,0.2138117327,-0.2776539813,0.06384228439,0.0
0.14,0.2646168606,-0.2374065028,-0.02721031709,0.0
0.141,0.2890770319,-0.1736818629,-0.1153951272,0.0
0.142,0.2855473243,-0.0930887108,-0.1924585748,0.0
0.143,0.2537250504,-0.003219343791,-0.2505056748,0.0
0.144,0.1971301715,0.08690800968,-0.2840381593,0.0
0.145,0.1213331434,0.1684238517,-0.2897569854,0.0
0.146,0.03341463225,0.233599609,-0.2670142447,0.0
0.147,-0.05749053923,0.2757009595,-0.2182104364,0.0
0.148,-0.1427507515,0.2908831281,-0.1481324039,0.0
0.149,-0.2139805751,0.2775082429,-0.06352770361,0.0
0.15,-0.264467425,0.2371663496,0.02730103466,0.0
0.151,-0.2888465956,0.1734926136,0.1153539402,0.0
0.152,-0.2852825497,0.09301430445,0.1922682066,0.0
0.153,-0.2535042011,0.003281982783,0.2502221865,0.0
0.154,-0.1971198363,-0.08669263058,0.2838124451,0.0
0.155,-0.1214077284,-0.1682404988,0.2896482174,0.0
0.156,-0.03365949884,-0.2333982114,0.2670577136,0.0
0.157,0.05723369789,-0.2756624377,0.2184287559,0.0
0.158,0.1426122554,-0.2909618352,0.1483496071,0.0
0.159,0.2138133701,-0.2776512677,0.06383793329,0.0
0.16,0.2646186702,-0.2374046268,-0.02721400259,0.0
0.161,0.2890776517,-0.1736814912,-0.1153961188,0.0
0.162,0.2855492717,-0.09308634096,-0.192462892,0.0
0.163,0.2537241177,-0.003221029942,-0.250503056,0.0
0.164,0.1971308148,0.08690984569,-0.2840406387,0.0
0.165,0.1213326578,0.1684231032,-0.2897557513,0.0
0.166,0.03341538917,0.2336006647,-0.2670160572,0.0
0.167,-0.05749069886,0.275700797,-0.2182101143,0.0
0.168,-0.1427496324,0.2908836144,-0.1481340093,0.0
0.169,-0.2139809938,0.2775075646,-0.06352660655,0.0
0.17,-0.2644665756,0.2371671773,0.02729935755,0.0
0.171,-0.2888463893,0.17349241,0.1153539375,0.0
0.172,-0.2852824883,0.09301480748,0.1922676421,0.0
0.173,-0.2535033946,0.003282527446,0.2502208354,0.0
0.174,-0.1971199029,-0.08669277695,0.283812658,0.0
0.175,-0.1214075681,-0.1682400355,0.2896475939,0.0
0.176,-0.03365916774,-0.2333981665,0.2670573376,0.0
0.177,0.05723328118,-0.2756624791,0.218429214,0.0
0.178,0.1426124789,-0.2909614284,0.1483489768,0.0
0.179,0.2138131557,-0.2776515284,0.06383840842,0.0
0.18,0.2646185224,-0.2374044523,-0.02721402932,0.0
0.181,0.2890778387,-0.1736813573,-0.1153964396,0.0
0.182,0.2855490651,-0.09308648867,-0.1924625377,0.0
0.183,0.2537083365,-0.003236609728,-0.250471695,0.0
0.184,0.1971285699,0.08690745848,-0.2840360065,0.0
0.185,0.1213295896,0.1684186295,-0.2897482093,0.0
0.186,0.03341498529,0.2335997936,-0.2670147823,0.0
0.187,-0.05748223518,0.2757089586,-0.2182267395,0.0
0.188,-0.1427502708,0.2908836886,-0.148133445,0.0
0.189,-0.2139698237,0.277520184,-0.06355039601,0.0
0.19,-0.2644609313,0.2371747689,0.02728612156,0.0
0.191,-0.2888425796,0.1734957899,0.115346748,0.0
0.192,-0.2852808996,0.09301786073,0.1922630002,0.0
0.193,-0.2535011931,0.003284539077,0.2502166222,0.0
0.194,-0.1971249531,-0.08669748906,0.2838224204,0.0
0.195,-0.1214060864,-0.1682374008,0.2896434774,0.0
0.196,-0.03366378881,-0.2334039318,0.267067724,0.0
0.197,0.05723417303,-0.2756612659,0.2184271089,0.0
0.198,0.1426106761,-0.2909652196,0.1483545708,0.0
0.199,0.2138122866,-0.2776530213,0.06384077051,0.0
0.2,0.2646169719,-0.2374064941,-0.02721043699,0.0
0.201,0.2890774244,-0.1736809863,-0.1153963964,0.0
0.202,0.2855478678,-0.09308810882,-0.1924597203,0.0
0.203,0.2537207992,-0.00322338873,-0.2504973787,0.0
0.204,0.1971179305,0.08689585715,-0.2840137658,0.0
0.205,0.1213392041,0.1684287634,-0.2897679578,0.0
0.206,0.03340524242,0.2335901737,-0.2669954195,0.0
0.207,-0.05748348034,0.2757080046,-0.2182245404,0.0
0.208,-0.1427585928,0.290875805,-0.1481172395,0.0
0.209,-0.2139706466,0.2775197209,-0.06354911012,0.0
0.21,-0.2644691432,0.2371653655,0.02730373694,0.0
0.211,-0.2888434839,0.1734952073,0.1153482348,0.0
0.212,-0.2852833037,0.09301390332,0.1922693617,0.0
0.213,-0.2535042166,0.003281675397,0.2502225094,0.0
0.214,-0.1971241911,-0.08669714805,0.2838213173,0.0
0.215,-0.1214085172,-0.168240199,0.2896487065,0.0
0.216,-0.03366431209,-0.2334042122,0.2670685277,0.0
0.217,0.05723335459,-0.2756625465,0.218429208,0.0
0.218,0.1426101981,-0.2909655082,0.1483553374,0.0
0.219,0.2138117509,-0.2776536581,0.06384194294,0.0
0.22,0.2646168877,-0.2374063355,-0.02721051143,0.0
0.221,0.2890766008,-0.1736820021,-0.1153945569,0.0
0.222,0.2855474122,-0.09308850102,-0.1924588724,0.0
0.223,0.2537250163,-0.003219640372,-0.2505053441,0.0
0.224,0.1971302211,0.08690791982,-0.284038119,0.0
0.225,0.1213332963,0.1684236673,-0.2897569539,0.0
0.226,0.03341470167,0.233599365,-0.2670140701,0.0
0.227,-0.0574905203,0.2757009329,-0.2182104287,0.0
0.228,-0.1427505945,0.2908830675,-0.1481325003,0.0
0.229,-0.213980776,0.2775083157,-0.06352757543,0.0
0.23,-0.2644673862,0.2371664312,0.02730091431,0.0
0.231,-0.2888466854,0.1734927868,0.1153538568,0.0
0.232,-0.2852826518,0.09301431463,0.1922682985,0.0
0.233,-0.2535042965,0.003282055906,0.2502222088,0.0
0.234,-0.1971198388,-0.08669258994,0.2838124069,0.0
0.235,-0.1214077928,-0.1682404847,0.2896482678,0.0
0.236,-0.03365946214,-0.2333981617,0.2670576272,0.0
0.237,0.05723367725,-0.2756624162,0.218428755,0.0
0.238,0.1426122005,-0.2909618131,0.1483496399,0.0
0.239,0.213813345,-0.2776512203,0.06383791105,0.0
0.24,0.2646186537,-0.2374046807,-0.02721393215,0.0
0.241,0.2890775829,-0.1736815462,-0.115395995,0.0
0.242,0.2855493614,-0.09308652994,-0.1924627927,0.0
0.243,0.2537242253,-0.003221065634,-0.2505031279,0.0
0.244,0.1971309665,0.08690972091,-0.2840406656,0.0
0.245,0.1213328626,0.1684230653,-0.2897559181,0.0
0.246,0.03341550196,0.2336006323,-0.2670161376,0.0
0.247,-0.05749058353,0.2757007975,-0.2182102301,0.0
0.248,-0.142749652,0.2908836907,-0.1481340659,0.0
0.249,-0.2139810475,0.277507641,-0.06352662926,0.0
0.25,-0.264466768,0.2371672651,0.02729946215,0.0
0.251,-0.2888465447,0.1734924679,0.115354035,0.0
0.252,-0.2852826438,0.09301487935,0.1922677258,0.0
0.253,-0.2535035816,0.003282428512,0.2502211213,0.0
0.254,-0.1971198871,-0.08669278427,0.2838126496,0.0
0.255,-0.1214075631,-0.1682401676,0.289647721,0.0
0.256,-0.03365906333,-0.2333982247,0.2670572914,0.0
0.257,0.05723333404,-0.2756625184,0.2184292005,0.0
0.258,0.142612581,-0.29096142,0.1483488663,0.0
0.259,0.2138131394,-0.2776514635,0.0638383598,0.0
0.26,0.2646185712,-0.2374044371,-0.02721409338,0.0
0.261,0.2890778245,-0.1736813433,-0.1153964394,0.0
0.262,0.2855490373,-0.09308652134,-0.1924624773,0.0
0.263,0.2537240947,-0.003220937577,-0.2505031253,0.0
0.264,0.1971307156,0.08690958616,-0.2840402799,0.0
0.265,0.1213326588,0.1684229802,-0.2897556293,0.0
0.266,0.03341543749,0.2336006347,-0.2670160756,0.0
0.267,-0.05749051196,0.2757007461,-0.2182102503,0.0
0.268,-0.1427497589,0.2908836479,-0.1481339163,0.0
0.269,-0.2139807598,0.2775076829,-0.06352695887,0.0
0.27,-0.2644667868,0.2371671747,0.02729957137,0.0
0.271,-0.2888464311,0.1734924417,0.1153539476,0.0
0.272,-0.2852825809,0.09301480175,0.1922677405,0.0
0.273,-0.2535034542,0.003282420562,0.2502210018,0.0
0.274,-0.1971199169,-0.08669289575,0.2838127908,0.0
0.275,-0.1214075277,-0.1682401728,0.2896476908,0.0
0.276,-0.03365911509,-0.2333982509,0.2670573693,0.0
0.277,0.05723331935,-0.2756625002,0.2184291969,0.0
0.278,0.1426125476,-0.2909613454,0.1483488251,0.0
0.279,0.2138130595,-0.2776515397,0.06383851588,0.0
0.28,0.2646184108,-0.2374043289,-0.02721404113,0.0
0.281,0.289077768,-0.1736813843,-0.115396342,0.0
0.282,0.2855488916,-0.09308643784,-0.1924624151,0.0
0.283,0.2537039728,-0.00324115348,-0.2504627875,0.0
0.284,0.1971154894,0.08689427376,-0.2840097414,0.0
0.285,0.12133592,0.1684236497,-0.28975956,0.0
0.286,0.03340432142,0.2335887729,-0.2669930977,0.0
0.287,-0.05747458204,0.2757168291,-0.2182422632,0.0
0.288,-0.1427588611,0.2908754604,-0.1481166266,0.0
0.289,-0.2139599782,0.2775319697,-0.0635720272,0.0
0.29,-0.2644625197,0.2371740574,0.02728842151,0.0
0.291,-0.2888403595,0.1734977234,0.1153425943,0.0
0.292,-0.28528149,0.09301783951,0.1922636118,0.0
0.293,-0.2535016793,0.003283649902,0.2502179976,0.0
0.294,-0.1971294201,-0.08670203818,0.2838314365,0.0
0.295,-0.1214068942,-0.1682374223,0.2896443067,0.0
0.296,-0.03366868066,-0.2334101205,0.2670788045,0.0
0.297,0.0572339598,-0.2756615852,0.2184276415,0.0
0.298,0.1426085367,-0.290969089,0.1483605796,0.0
0.299,0.2138109167,-0.2776553102,0.06384442917,0.0
0.3,0.2646150634,-0.2374083279,-0.02720669474,0.0
0.301,0.2890763824,-0.1736813315,-0.1153950092,0.0
0.302,0.2855459609,-0.09309023319,-0.192455689,0.0
0.303,0.2537258328,-0.003217491184,-0.2505083098,0.0
0.304,0.1971304222,0.08690715841,-0.2840375588,0.0
0.305,0.121333434,0.1684242974,-0.2897577217,0.0
0.306,0.03341536606,0.2335999138,-0.2670152833,0.0
0.307,-0.05749100419,0.2757003384,-0.2182093504,0.0
0.308,-0.1427508428,0.2908836086,-0.1481327931,0.0
0.309,-0.2139803723,0.2775087583,-0.06352842173,0.0
0.31,-0.2644683378,0.237165452,0.02730284513,0.0
0.311,-0.2888460617,0.1734935577,0.1153524622,0.0
0.312,-0.2852829074,0.09301332733,0.1922695414,0.0
0.313,-0.2535044358,0.003281921638,0.2502224823,0.0
0.314,-0.1971195864,-0.08669269136,0.2838122559,0.0
0.315,-0.1214076791,-0.1682407872,0.2896484565,0.0
0.316,-0.03365959632,-0.2333981606,0.2670577603,0.0
0.317,0.0572341442,-0.2756621491,0.218428021,0.0
0.318,0.1426120481,-0.2909619648,0.1483499439,0.0
0.319,0.2138132798,-0.2776508805,0.06383763644,0.0
0.32,0.2646187517,-0.2374045728,-0.02721413818,0.0
0.321,0.2890771363,-0.1736816388,-0.1153954557,0.0
0.322,0.285549434,-0.09308639753,-0.1924629978,0.0
0.323,0.2537242742,-0.003221373406,-0.250502869,0.0
0.324,0.1971309742,0.08690964202,-0.2840405944,0.0
0.325,0.1213330246,0.1684228431,-0.289755858,0.0
0.326,0.0334155252,0.2336004748,-0.2670160033,0.0
0.327,-0.05749052375,0.2757007369,-0.2182102293,0.0
0.328,-0.1427495575,0.2908836625,-0.1481341323,0.0
0.329,-0.2139812151,0.2775076586,-0.06352647935,0.0
0.33,-0.264466719,0.2371673748,0.02729930344,0.0
0.331,-0.2888466849,0.1734925893,0.1153540538,0.0
0.332,-0.2852826628,0.09301486268,0.1922677615,0.0
0.333,-0.2535037236,0.003282544465,0.2502211473,0.0
0.334,-0.1971198794,-0.08669279335,0.2838126509,0.0
0.335,-0.1214076031,-0.1682400909,0.2896476843,0.0
0.336,-0.03365897846,-0.2333982256,0.2670572074,0.0
0.337,0.05723331982,-0.2756624891,0.2184291854,0.0
0.338,0.1426125452,-0.2909614099,0.1483488919,0.0
0.339,0.2138131586,-0.2776513762,0.06383825327,0.0
0.34,0.2646184797,-0.2374044631,-0.02721397578,0.0
0.341,0.2890778188,-0.1736813878,-0.1153963892,0.0
0.342,0.2855490595,-0.09308660978,-0.192462411,0.0
0.343,0.2537241699,-0.00322100207,-0.250503136,0.0
0.344,0.1971308937,0.08690950286,-0.2840403748,0.0
0.345,0.121332835,0.1684229139,-0.2897557392,0.0
0.346,0.03341554567,0.2336005729,-0.2670161219,0.0
0.347,-0.05749044555,0.2757007706,-0.2182103412,0.0
0.348,-0.1427497312,0.2908837051,-0.1481340011,0.0
0.349,-0.2139808957,0.2775077779,-0.0635269179,0.0
0.35,-0.2644669112,0.2371672034,0.0272996671,0.0
0.351,-0.2888465995,0.1734925453,0.1153540125,0.0
0.352,-0.2852827536,0.09301479971,0.1922679152,0.0
0.353,-0.2535035588,0.00328230761,0.2502212193,0.0
0.354,-0.1971199405,-0.08669289139,0.2838128101,0.0
0.355,-0.1214075167,-0.1682403412,0.2896478482,0.0
0.356,-0.0336590545,-0.2333982253,0.2670572831,0.0
0.357,0.05723341311,-0.2756625713,0.2184291743,0.0
0.358,0.1426125862,-0.290961305,0.148348746,0.0
0.359,0.2138130779,-0.2776515302,0.06383848799,0.0
0.36,0.2646184687,-0.2374042836,-0.02721414428,0.0
0.361,0.289077703,-0.1736814225,-0.1153962387,0.0
0.362,0.2855489467,-0.09308649677,-0.1924624112,0.0
0.363,0.253719683,-0.003225437583,-0.2504942135,0.0
0.364,0.197117645,0.08689635172,-0.2840139749,0.0
0.365,0.1213390121,0.1684280639,-0.2897670662,0.0
0.366,0.03340482213,0.2335895616,-0.2669943871,0.0
0.367,-0.05748285276,0.2757086246,-0.2182257879,0.0
0.368,-0.1427583312,0.2908754059,-0.148117102,0.0
0.369,-0.2139708673,0.2775195067,-0.06354867517,0.0
0.37,-0.2644684512,0.237166491,0.02730191943,0.0
0.371,-0.2888441456,0.1734943823,0.1153497216,0.0
0.372,-0.2852832365,0.09301488124,0.1922683165,0.0
0.373,-0.2535039727,0.003281501789,0.2502224391,0.0
0.374,-0.1971243535,-0.08669740533,0.283821737,0.0
0.375,-0.1214083637,-0.1682402205,0.2896485745,0.0
0.376,-0.03366401066,-0.2334044693,0.2670684833,0.0
0.377,0.05723305907,-0.2756627936,0.2184297506,0.0
0.378,0.142610454,-0.2909652313,0.1483548046,0.0
0.379,0.2138116077,-0.2776538087,0.06384223678,0.0
0.38,0.2646165685,-0.2374062184,-0.02721030925,0.0
0.381,0.2890767107,-0.173681682,-0.115394987,0.0
0.382,0.2855469656,-0.09308863445,-0.1924582924,0.0
0.383,0.253709087,-0.003235267069,-0.2504737881,0.0
0.384,0.1971279409,0.08690558789,-0.2840335069,0.0
0.385,0.1213301525,0.1684191481,-0.2897492909,0.0
0.386,0.03341440073,0.2335985946,-0.2670129987,0.0
0.387,-0.05748206578,0.2757091288,-0.2182270792,0.0
0.388,-0.1427511771,0.2908832941,-0.1481321442,0.0
0.389,-0.2139696664,0.2775209447,-0.06355131405,0.0
0.39,-0.2644617053,0.2371741734,0.02728749107,0.0
0.391,-0.288842986,0.1734960149,0.1153469293,0.0
0.392,-0.2852810047,0.09301723552,0.1922637305,0.0
0.393,-0.2535019469,0.00328394011,0.250217975,0.0
0.394,-0.1971247994,-0.08669763435,0.2838224119,0.0
0.395,-0.1214060316,-0.1682379434,0.2896439653,0.0
0.396,-0.0336639144,-0.2334041201,0.2670680378,0.0
0.397,0.05723475709,-0.2756611769,0.2184264359,0.0
0.398,0.142610404,-0.2909655556,0.1483551788,0.0
0.399,0.2138124927,-0.2776524905,0.0638400335,0.0
0.4,0.2646168474,-0.2374065333,-0.02721027334,0.0
0.401,0.2890769818,-0.1736809583,-0.1153959817,0.0
0.402,0.2855479127,-0.09308802416,-0.1924598499,0.0
0.403,0.2537250542,-0.003219254315,-0.2505057681,0.0
0.404,0.1971312041,0.08690892177,-0.2840401041,0.0
0.405,0.1213331291,0.1684234477,-0.2897565672,0.0
0.406,0.03341618521,0.2336009894,-0.267017178,0.0
0.407,-0.05749105435,0.2757001669,-0.2182091287,0.0
0.408,-0.1427497622,0.2908841843,-0.1481344494,0.0
0.409,-0.2139808906,0.2775081148,-0.06352725989,0.0
0.41,-0.2644676017,0.237166339,0.02730122192,0.0
0.411,-0.2888460752,0.1734934029,0.1153526305,0.0
0.412,-0.2852829308,0.09301379875,0.1922690933,0.0
0.413,-0.2535037818,0.003282399154,0.2502213508,0.0
0.414,-0.1971196649,-0.08669288616,0.2838125293,0.0
0.415,-0.1214074822,-0.1682404278,0.2896479002,0.0
0.416,-0.03365915779,-0.2333981402,0.2670573013,0.0
0.417,0.05723382934,-0.2756622536,0.2184284404,0.0
0.418,0.1426123269,-0.2909615284,0.1483492287,0.0
0.419,0.213813131,-0.2776510924,0.06383799718,0.0
0.42,0.2646185842,-0.2374043231,-0.02721422031,0.0
0.421,0.2890773219,-0.173681535,-0.1153957452,0.0
0.422,0.2855492158,-0.09308650113,-0.1924626759,0.0
0.423,0.2537241678,-0.003221266467,-0.2505028695,0.0
0.424,0.1971309142,0.08690937267,-0.2840402651,0.0
0.425,0.1213330179,0.1684227585,-0.2897557667,0.0
0.426,0.03341561826,0.2336003599,-0.2670159815,0.0
0.427,-0.05749037833,0.2757007193,-0.2182103571,0.0
0.428,-0.1427496206,0.2908836638,-0.1481340704,0.0
0.429,-0.2139810148,0.2775078325,-0.06352685344,0.0
0.43,-0.2644669393,0.2371673431,0.02729955544,0.0
0.431,-0.2888466749,0.1734926734,0.1153539598,0.0
0.432,-0.2852828375,0.09301488406,0.1922679148,0.0
0.433,-0.253503735,0.003282394954,0.2502213082,0.0
0.434,-0.1971199024,-0.08669286154,0.2838127421,0.0
0.435,-0.1214075863,-0.1682402898,0.2896478663,0.0
0.436,-0.03365897407,-0.2333982569,0.2670572343,0.0
0.437,0.0572333522,-0.2756625166,0.2184291805,0.0
0.438,0.1426125952,-0.2909613121,0.1483487442,0.0
0.439,0.2138130165,-0.2776514249,0.06383844419,0.0
0.44,0.2646184435,-0.2374043659,-0.0272140368,0.0
0.441,0.2890776829,-0.1736814215,-0.1153962197,0.0
0.442,0.2855489517,-0.09308665821,-0.1924622548,0.0
0.443,0.2537198378,-0.003225514839,-0.2504942912,0.0
0.444,0.1971177837,0.08689627905,-0.2840140409,0.0
0.445,0.1213391934,0.168427962,-0.2897671456,0.0
0.446,0.03340488489,0.2335895827,-0.266994471,0.0
0.447,-0.05748274455,0.275708616,-0.2182258876,0.0
0.448,-0.1427583679,0.2908754947,-0.1481171541,0.0
0.449,-0.2139709678,0.2775195439,-0.06354861187,0.0
0.45,-0.2644685653,0.237166549,0.02730197557,0.0
0.451,-0.2888443642,0.1734944322,0.1153498902,0.0
0.452,-0.2852833242,0.09301485141,0.1922684342,0.0
0.453,-0.2535041242,0.003281432547,0.2502226599,0.0
0.454,-0.1971243661,-0.08669745116,0.2838217954,0.0
0.455,-0.121408328,-0.1682403252,0.2896486436,0.0
0.456,-0.03366390126,-0.233404495,0.2670683996,0.0
0.457,0.05723315924,-0.275662856,0.2184297128,0.0
0.458,0.1426105107,-0.290965203,0.1483547195,0.0
0.459,0.2138116719,-0.2776537594,0.0638421232,0.0
0.46,0.2646165496,-0.237406144,-0.02721036478,0.0
0.461,0.2890767095,-0.1736817113,-0.1153949564,0.0
0.462,0.2855469536,-0.09308859162,-0.1924583232,0.0
0.463,0.2537247623,-0.003219581255,-0.2505051492,0.0
0.464,0.1971301249,0.08690770546,-0.2840378085,0.0
0.465,0.1213332146,0.1684235359,-0.2897567408,0.0
0.466,0.03341489614,0.2335993532,-0.2670142527,0.0
0.467,-0.05749038261,0.2757009489,-0.2182105824,0.0
0.468,-0.142750602,0.2908832221,-0.1481326474,0.0
0.469,-0.2139806362,0.2775084998,-0.06352789937,0.0
0.47,-0.2644675685,0.2371665502,0.02730097755,0.0
0.471,-0.2888467867,0.17349272,0.1153540249,0.0
0.472,-0.2852827675,0.09301420289,0.1922685259,0.0
0.473,-0.2535041593,0.003281779707,0.2502223478,0.0
0.474,-0.1971197735,-0.08669299071,0.2838127424,0.0
0.475,-0.1214074949,-0.1682407776,0.2896482628,0.0
0.476,-0.03365928941,-0.2333983864,0.2670576792,0.0
0.477,0.05723389773,-0.2756624181,0.2184285365,0.0
0.478,0.142612257,-0.2909616669,0.1483494371,0.0
0.479,0.2138132198,-0.2776510464,0.06383786233,0.0
0.48,0.2646183619,-0.2374043944,-0.02721392673,0.0
0.481,0.2890772605,-0.173681363,-0.1153958557,0.0
0.482,0.2855490024,-0.09308645225,-0.1924625114,0.0
0.483,0.2537082597,-0.003236987453,-0.2504712404,0.0
0.484,0.1971287344,0.08690730033,-0.2840360129,0.0
0.485,0.121329871,0.1684183624,-0.2897482237,0.0
0.486,0.03341526866,0.2335996191,-0.2670148912,0.0
0.487,-0.05748210983,0.2757089673,-0.2182268736,0.0
0.488,-0.1427500777,0.290883857,-0.1481338065,0.0
0.489,-0.2139701383,0.2775203432,-0.06355024067,0.0
0.49,-0.2644610466,0.2371750888,0.02728591703,0.0
0.491,-0.288842934,0.1734958695,0.1153470228,0.0
0.492,-0.2852810972,0.09301781018,0.1922632483,0.0
0.493,-0.2535013257,0.003284386409,0.2502169074,0.0
0.494,-0.1971248496,-0.08669778752,0.2838226153,0.0
0.495,-0.1214058649,-0.1682376112,0.2896434663,0.0
0.496,-0.03366347834,-0.2334041323,0.267067614,0.0
0.497,0.05723439372,-0.275661256,0.2184268784,0.0
0.498,0.1426107299,-0.2909651388,0.1483544362,0.0
0.499,0.2138122619,-0.2776526842,0.06384045801,0.0
0.5,0.264616748,-0.2374063416,-0.02721036563,0.0
0.501,0.2890771539,-0.173680808,-0.1153963041,0.0
0.502,0.2855476772,-0.09308820219,-0.1924594363,0.0
0.503,0.2537250301,-0.003219159901,-0.2505058384,0.0
0.504,0.1971311034,0.08690866431,-0.2840397459,0.0
0.505,0.1213331276,0.1684233264,-0.2897564442,0.0
0.506,0.03341623313,0.2336009593,-0.2670171958,0.0
0.507,-0.05749086908,0.2757001175,-0.2182092645,0.0
0.508,-0.14274989,0.2908842161,-0.1481343534,0.0
0.509,-0.213980654,0.2775082326,-0.06352761442,0.0
0.51,-0.2644678144,0.2371663365,0.02730143708,0.0
0.511,-0.2888461139,0.1734934313,0.1153526408,0.0
0.512,-0.2852830215,0.09301379496,0.1922691879,0.0
0.513,-0.2535038415,0.003282291518,0.2502215182,0.0
0.514,-0.1971196751,-0.08669300503,0.2838126583,0.0
0.515,-0.1214074423,-0.1682405617,0.2896479943,0.0
0.516,-0.03365910209,-0.2333982257,0.2670573311,0.0
0.517,0.05723386752,-0.2756622713,0.2184284198,0.0
0.518,0.1426123965,-0.2909614442,0.148349075,0.0
0.519,0.2138130349,-0.2776511004,0.06383810122,0.0
0.52,0.2646184708,-0.2374041973,-0.02721423269,0.0
0.521,0.2890772519,-0.173681559,-0.1153956511,0.0
0.522,0.2855490392,-0.09308644674,-0.1924625538,0.0
0.523,0.2537198033,-0.003225809399,-0.2504939621,0.0
0.524,0.1971178324,0.08689619129,-0.2840140018,0.0
0.525,0.1213393456,0.1684277787,-0.2897671146,0.0
0.526,0.03340495421,0.2335893396,-0.2669942972,0.0
0.527,-0.05748272752,0.2757085911,-0.2182258797,0.0
0.528,-0.1427582105,0.2908754338,-0.1481172505,0.0
0.529,-0.213971169,0.2775196183,-0.06354848511,0.0
0.53,-0.2644685272,0.2371666304,0.02730185604,0.0
0.531,-0.2888444525,0.1734946056,0.1153498052,0.0
0.532,-0.285283427,0.09301486318,0.1922685251,0.0
0.533,-0.2535042192,0.00328150522,0.2502226821,0.0
0.534,-0.1971243677,-0.08669740946,0.2838217553,0.0
0.535,-0.1214083932,-0.1682403104,0.2896486939,0.0
0.536,-0.033663864,-0.2334044444,0.2670683118,0.0
0.537,0.0572331387,-0.2756628335,0.2184297109,0.0
0.538,0.1426104566,-0.2909651803,0.148354751,0.0
0.539,0.2138116467,-0.277653711,0.06384210008,0.0
0.54,0.2646165341,-0.2374061977,-0.02721029561,0.0
0.541,0.2890766411,-0.1736817646,-0.1153948347,0.0
0.542,0.2855470432,-0.09308877976,-0.1924582247,0.0
0.543,0.253724871,-0.003219615821,-0.2505052233,0.0
0.544,0.1971302758,0.08690758316,-0.2840378371,0.0
0.545,0.1213334203,0.1684234975,-0.2897569081,0.0
0.546,0.03341500871,0.2335993233,-0.2670143354,0.0
0.547,-0.05749026874,0.2757009506,-0.218210698,0.0
0.548,-0.1427506201,0.2908832992,-0.1481327063,0.0
0.549,-0.2139806916,0.2775085787,-0.06352792285,0.0
0.55,-0.2644677603,0.2371666379,0.02730108168,0.0
0.551,-0.288846942,0.1734927801,0.1153541202,0.0
0.552,-0.2852829246,0.09301427604,0.1922686098,0.0
0.553,-0.2535043455,0.003281681277,0.2502226324,0.0
0.554,-0.1971197591,-0.08669299587,0.2838127332,0.0
0.555,-0.1214074906,-0.1682409092,0.2896483901,0.0
0.556,-0.03365918534,-0.2333984431,0.2670576317,0.0
0.557,0.05723395013,-0.2756624574,0.2184285234,0.0
0.558,0.1426123595,-0.2909616582,0.1483493259,0.0
0.559,0.2138132031,-0.2776509815,0.06383781409,0.0
0.56,0.2646184121,-0.2374043795,-0.02721399177,0.0
0.561,0.2890772466,-0.1736813482,-0.1153958566,0.0
0.562,0.2855489757,-0.09308648544,-0.1924624516,0.0
0.563,0.2537240195,-0.00322131433,-0.2505026734,0.0
0.564,0.1971308802,0.08690942912,-0.2840402875,0.0
0.565,0.1213329419,0.1684227135,-0.2897556457,0.0
0.566,0.03341572103,0.2336004623,-0.2670161867,0.0
0.567,-0.05749038628,0.2757007559,-0.2182103857,0.0
0.568,-0.1427495653,0.290883818,-0.14813428,0.0
0.569,-0.2139810746,0.2775078443,-0.06352680546,0.0
0.57,-0.2644669022,0.2371674964,0.02729936507,0.0
0.571,-0.2888467861,0.1734925236,0.1153542208,0.0
0.572,-0.2852827794,0.09301475337,0.1922679873,0.0
0.573,-0.2535035879,0.003282269989,0.2502212861,0.0
0.574,-0.1971198148,-0.08669319259,0.2838129856,0.0
0.575,-0.1214073073,-0.168240382,0.2896476795,0.0
0.576,-0.03365880623,-0.2333984503,0.2670572599,0.0
0.577,0.05723353936,-0.2756624903,0.218428967,0.0
0.578,0.1426126011,-0.2909612644,0.1483486905,0.0
0.579,0.2138130347,-0.2776512032,0.06383820426,0.0
0.58,0.2646181882,-0.2374041772,-0.02721397019,0.0
0.581,0.2890774983,-0.1736812062,-0.1153962504,0.0
0.582,0.2855487025,-0.09308653206,-0.1924621318,0.0
0.583,0.2537082058,-0.00323692409,-0.2504712499,0.0
0.584,0.1971286642,0.08690708242,-0.2840357248,0.0
0.585,0.1213298445,0.1684182129,-0.2897480476,0.0
0.586,0.03341531383,0.2335995609,-0.2670148781,0.0
0.587,-0.05748197061,0.2757089428,-0.2182269883,0.0
0.588,-0.1427501573,0.290883874,-0.148133744,0.0
0.589,-0.2139699862,0.2775204827,-0.06355053224,0.0
0.59,-0.264461191,0.2371750308,0.02728611946,0.0
0.591,-0.2888429903,0.1734959497,0.1153469989,0.0
0.592,-0.2852812087,0.09301773368,0.1922634364,0.0
0.593,-0.2535013056,0.003284268442,0.2502170054,0.0
0.594,-0.1971249054,-0.08669789288,0.2838227764,0.0
0.595,-0.1214058208,-0.1682377834,0.2896435945,0.0
0.596,-0.03366347181,-0.2334041325,0.2670676077,0.0
0.597,0.05723447169,-0.2756613096,0.218426854,0.0
0.598,0.1426107347,-0.290965025,0.1483543176,0.0
0.599,0.213812201,-0.2776527529,0.06384058769,0.0
0.6,0.2646166472,-0.2374061902,-0.02721041615,0.0
0.601,0.2890770347,-0.1736808891,-0.1153961039,0.0
0.602,0.2855475895,-0.09308817922,-0.1924593715,0.0
0.603,0.2537206217,-0.003223660162,-0.2504969297,0.0
0.604,0.1971180361,0.08689543116,-0.2840134455,0.0
0.605,0.1213394835,0.16842841,-0.2897678838,0.0
0.606,0.03340562069,0.2335898898,-0.2669955139,0.0
0.607,-0.0574832104,0.2757079976,-0.2182248033,0.0
0.608,-0.1427584589,0.2908759776,-0.148117546,0.0
0.609,-0.2139707647,0.2775200611,-0.06354933213,0.0
0.61,-0.2644694793,0.2371656547,0.02730378387,0.0
0.611,-0.2888438298,0.1734953778,0.1153484103,0.0
0.612,-0.2852836823,0.09301387815,0.1922697655,0.0
0.613,-0.2535043606,0.003281374177,0.2502229546,0.0
0.614,-0.1971241158,-0.08669750961,0.2838216036,0.0
0.615,-0.1214082804,-0.168240611,0.2896488817,0.0
0.616,-0.03366399932,-0.2334044425,0.2670684451,0.0
0.617,0.0572336048,-0.2756625657,0.218428977,0.0
0.618,0.142610304,-0.2909653318,0.1483550551,0.0
0.619,0.2138115822,-0.277653371,0.06384182458,0.0
0.62,0.2646166322,-0.2374060898,-0.02721050165,0.0
0.621,0.2890761961,-0.1736818578,-0.1153942965,0.0
0.622,0.2855471167,-0.09308864629,-0.1924584317,0.0
0.623,0.2537249205,-0.003219923858,-0.2505049648,0.0
0.624,0.197130285,0.08690750543,-0.2840377686,0.0
0.625,0.1213335817,0.1684232774,-0.2897568494,0.0
0.626,0.03341503418,0.2335991652,-0.2670142028,0.0
0.627,-0.05749020927,0.2757008926,-0.2182106995,0.0
0.628,-0.1427505258,0.2908832714,-0.1481327729,0.0
0.629,-0.2139808578,0.2775085978,-0.06352777578,0.0
0.63,-0.2644677128,0.2371667499,0.02730092219,0.0
0.631,-0.2888470813,0.1734929018,0.1153541378,0.0
0.632,-0.285282944,0.09301426211,0.1922686432,0.0
0.633,-0.2535044887,0.003281798454,0.2502226585,0.0
0.634,-0.1971197507,-0.08669300398,0.2838127329,0.0
0.635,-0.1214075321,-0.168240831,0.2896483533,0.0
0.636,-0.03365910062,-0.2333984436,0.2670575475,0.0
0.637,0.05723393517,-0.2756624266,0.2184285076,0.0
0.638,0.1426123241,-0.2909616481,0.1483493513,0.0
0.639,0.2138132226,-0.2776508932,0.06383770626,0.0
0.64,0.2646183205,-0.2374044054,-0.02721387427,0.0
0.641,0.2890772422,-0.1736813922,-0.1153958083,0.0
0.642,0.2855489975,-0.09308657233,-0.1924623864,0.0
0.643,0.2537240954,-0.003221378688,-0.2505026849,0.0
0.644,0.1971310586,0.08690934783,-0.2840403846,0.0
0.645,0.1213331173,0.1684226484,-0.289755756,0.0
0.646,0.03341582988,0.2336004012,-0.2670162345,0.0
0.647,-0.05749032056,0.275700782,-0.2182104776,0.0
0.648,-0.1427495377,0.2908838756,-0.1481343652,0.0
0.649,-0.2139812104,0.27750794,-0.06352676536,0.0
0.65,-0.2644670267,0.2371675259,0.02729946005,0.0
0.651,-0.288846954,0.1734926276,0.1153542847,0.0
0.652,-0.2852829519,0.09301475211,0.1922681611,0.0
0.653,-0.2535036921,0.003282157862,0.2502215024,0.0
0.654,-0.1971198383,-0.08669318716,0.2838130036,0.0
0.655,-0.121407296,-0.1682405495,0.2896478358,0.0
0.656,-0.03365874504,-0.2333984237,0.2670571721,0.0
0.657,0.05723363292,-0.2756625603,0.2184289435,0.0
0.658,0.1426126404,-0.2909612233,0.1483486101,0.0
0.659,0.2138130533,-0.277651192,0.06383817449,0.0
0.66,0.2646182459,-0.2374041309,-0.02721407427,0.0
0.661,0.2890774337,-0.1736812428,-0.1153961491,0.0
0.662,0.2855487568,-0.09308658885,-0.1924621292,0.0
0.663,0.2537239156,-0.003221206907,-0.2505026769,0.0
0.664,0.1971308192,0.08690916231,-0.2840399596,0.0
0.665,0.1213329353,0.1684226284,-0.289755554,0.0
0.666,0.03341581387,0.2336003505,-0.2670161677,0.0
0.667,-0.0574902422,0.2757007392,-0.2182105131,0.0
0.668,-0.1427496277,0.2908838195,-0.1481342191,0.0
0.669,-0.2139808753,0.2775080198,-0.06352718025,0.0
0.67,-0.264467122,0.2371674642,0.02729961708,0.0
0.671,-0.2888467756,0.1734926084,0.1153541255,0.0
0.672,-0.2852829542,0.09301477535,0.1922681402,0.0
0.673,-0.253503598,0.003282120668,0.2502214455,0.0
0.674,-0.1971198378,-0.08669325946,0.2838130754,0.0
0.675,-0.1214072895,-0.1682405807,0.2896478605,0.0
0.676,-0.03365880107,-0.2333984802,0.2670572847,0.0
0.677,0.05723357157,-0.2756625167,0.2184289612,0.0
0.678,0.1426126524,-0.2909611657,0.1483485405,0.0
0.679,0.2138128921,-0.2776512498,0.06383839338,0.0
0.68,0.2646181521,-0.2374040788,-0.02721403252,0.0
0.681,0.2890773625,-0.1736812374,-0.1153960833,0.0
0.682,0.2855485934,-0.09308657829,-0.1924619764,0.0
0.683,0.2537038733,-0.003241435305,-0.2504624062,0.0
0.684,0.1971155525,0.08689386119,-0.2840093918,0.0
0.685,0.1213362014,0.168423262,-0.2897594536,0.0
0.686,0.03340465233,0.2335885716,-0.2669932274,0.0
0.687,-0.05747427132,0.2757167889,-0.2182425337,0.0
0.688,-0.1427587939,0.2908756631,-0.1481168965,0.0
0.689,-0.2139600583,0.2775322487,-0.06357222617,0.0
0.69,-0.2644628446,0.2371743754,0.02728842844,0.0
0.691,-0.2888407534,0.173497836,0.1153428757,0.0
0.692,-0.2852817783,0.09301778527,0.1922639543,0.0
0.693,-0.2535018693,0.003283393,0.2502184444,0.0
0.694,-0.1971293293,-0.08670245211,0.2838317595,0.0
0.695,-0.1214066311,-0.1682377665,0.2896443879,0.0
0.696,-0.03366831717,-0.2334104011,0.2670787216,0.0
0.697,0.05723421859,-0.2756615924,0.2184273899,0.0
0.698,0.1426086595,-0.290968921,0.1483602888,0.0
0.699,0.2138107951,-0.2776549798,0.0638442204,0.0
0.7,0.2646147275,-0.2374080479,-0.02720663882,0.0
0.701,0.2890760403,-0.1736811753,-0.1153948232,0.0
0.702,0.285545595,-0.09309027135,-0.1924552849,0.0
0.703,0.2537256988,-0.003217801584,-0.2505078654,0.0
0.704,0.1971305136,0.08690678555,-0.2840372773,0.0
0.705,0.121333685,0.1684238843,-0.2897575596,0.0
0.706,0.03341569117,0.2335996814,-0.2670153759,0.0
0.707,-0.057490739,0.2757003217,-0.2182095988,0.0
0.708,-0.1427507322,0.2908837944,-0.1481330894,0.0
0.709,-0.2139805329,0.277509052,-0.06352855491,0.0
0.71,-0.2644685941,0.2371657138,0.02730283949,0.0
0.711,-0.2888464717,0.1734937151,0.1153527149,0.0
0.712,-0.2852832091,0.09301319662,0.1922699738,0.0
0.713,-0.2535045458,0.003281654292,0.2502228597,0.0
0.714,-0.1971195351,-0.08669309683,0.2838126101,0.0
0.715,-0.1214074088,-0.1682411668,0.2896485659,0.0
0.716,-0.03365927945,-0.2333983571,0.2670576399,0.0
0.717,0.05723444607,-0.2756621899,0.2184277599,0.0
0.718,0.1426121055,-0.2909617644,0.1483496861,0.0
0.719,0.2138131957,-0.2776506078,0.06383744784,0.0
0.72,0.2646184245,-0.2374042624,-0.02721412132,0.0
0.721,0.2890767445,-0.1736815375,-0.1153951652,0.0
0.722,0.2855491535,-0.09308646109,-0.1924626537,0.0
0.723,0.2537240909,-0.00322164031,-0.2505024187,0.0
0.724,0.1971310781,0.08690921859,-0.2840402749,0.0
0.725,0.1213332984,0.1684224953,-0.2897557839,0.0
0.726,0.03341590054,0.2336001888,-0.2670160927,0.0
0.727,-0.05749025383,0.2757007309,-0.2182104932,0.0
0.728,-0.142749428,0.2908838345,-0.1481344338,0.0
0.729,-0.2139813293,0.2775079938,-0.06352670028,0.0
0.73,-0.2644670541,0.237167665,0.02729934834,0.0
0.731,-0.2888470285,0.1734927552,0.1153542316,0.0
0.732,-0.2852830342,0.09301483601,0.1922681595,0.0
0.733,-0.2535038669,0.00328224516,0.2502215899,0.0
0.734,-0.1971197986,-0.08669315692,0.2838129337,0.0
0.735,-0.1214073646,-0.1682404971,0.289647852,0.0
0.736,-0.03365866359,-0.2333984543,0.2670571213,0.0
0.737,0.05723357302,-0.275662504,0.2184289471,0.0
0.738,0.1426126493,-0.2909612287,0.1483486067,0.0
0.739,0.2138129925,-0.2776510852,0.0638381285,0.0
0.74,0.2646182204,-0.2374042107,-0.02721396897,0.0
0.741,0.2890774131,-0.1736812401,-0.1153961313,0.0
0.742,0.2855487614,-0.09308674801,-0.1924619747,0.0
0.743,0.2537240689,-0.003221281798,-0.2505027553,0.0
0.744,0.1971309569,0.08690909116,-0.2840400262,0.0
0.745,0.1213331153,0.1684225283,-0.2897556339,0.0
0.746,0.0334158753,0.2336003725,-0.2670162511,0.0
0.747,-0.05749013471,0.2757007312,-0.2182106126,0.0
0.748,-0.1427496649,0.2908839086,-0.148134271,0.0
0.749,-0.2139809757,0.2775080567,-0.06352711673,0.0
0.75,-0.2644672358,0.237167522,0.02729967304,0.0
0.751,-0.2888469934,0.1734926582,0.1153542935,0.0
0.752,-0.2852830411,0.09301474552,0.1922682569,0.0
0.753,-0.2535037484,0.003282051588,0.250221665,0.0
0.754,-0.1971198494,-0.08669330473,0.2838131323,0.0
0.755,-0.1214072529,-0.1682406848,0.289647928,0.0
0.756,-0.0336586909,-0.2333985049,0.2670571992,0.0
0.757,0.05723367231,-0.275662578,0.2184289218,0.0
0.758,0.1426127096,-0.2909611361,0.1483484538,0.0
0.759,0.2138129567,-0.277651199,0.06383827803,0.0
0.76,0.2646181335,-0.2374040029,-0.02721408982,0.0
0.761,0.2890773613,-0.173681265,-0.1153960545,0.0
0.762,0.2855485811,-0.09308653362,-0.1924620088,0.0
0.763,0.2537195492,-0.00322574649,-0.2504937709,0.0
0.764,0.1971177356,0.08689598104,-0.2840136948,0.0
0.765,0.1213392629,0.1684276511,-0.2897669042,0.0
0.766,0.03340514764,0.2335893311,-0.2669944822,0.0
0.767,-0.05748259066,0.2757086099,-0.2182260354,0.0
0.768,-0.1427582184,0.2908755907,-0.1481173996,0.0
0.769,-0.213971029,0.2775198043,-0.0635488111,0.0
0.77,-0.2644687088,0.2371667514,0.02730191668,0.0
0.771,-0.2888445529,0.1734945408,0.1153499703,0.0
0.772,-0.2852835418,0.09301475394,0.1922687491,0.0
0.773,-0.2535040813,0.003281231894,0.2502228176,0.0
0.774,-0.197124302,-0.08669780717,0.2838220874,0.0
0.775,-0.1214080951,-0.1682406002,0.2896486855,0.0
0.776,-0.03366369124,-0.2334046661,0.2670683607,0.0
0.777,0.05723335927,-0.2756628327,0.2184294895,0.0
0.778,0.1426105135,-0.2909650315,0.1483545452,0.0
0.779,0.2138115221,-0.2776535346,0.06384204821,0.0
0.78,0.264616243,-0.2374059085,-0.02721029371,0.0
0.781,0.2890763194,-0.1736815783,-0.1153946993,0.0
0.782,0.2855466846,-0.09308869852,-0.1924579473,0.0
0.783,0.2537089063,-0.003235532664,-0.2504733418,0.0
0.784,0.1971280431,0.0869051667,-0.284033188,0.0
0.785,0.1213304279,0.1684187987,-0.289749217,0.0
0.786,0.03341477437,0.2335983135,-0.2670130913,0.0
0.787,-0.0574817965,0.2757091225,-0.2182273422,0.0
0.788,-0.1427510462,0.2908834677,-0.1481324488,0.0
0.789,-0.213969783,0.2775212819,-0.0635515347,0.0
0.79,-0.2644620387,0.237174463,0.02728753499,0.0
0.791,-0.2888433307,0.1734961835,0.1153471054,0.0
0.792,-0.2852813771,0.09301720912,0.1922641293,0.0
0.793,-0.253502089,0.003283641834,0.2502184153,0.0
0.794,-0.1971247209,-0.08669799572,0.2838226948,0.0
0.795,-0.1214057924,-0.1682383499,0.2896441325,0.0
0.796,-0.03366360002,-0.2334043472,0.2670679506,0.0
0.797,0.05723500987,-0.2756611924,0.2184261986,0.0
0.798,0.1426105089,-0.2909653741,0.1483548925,0.0
0.799,0.2138123263,-0.2776521995,0.06383990899,0.0
0.8,0.2646165898,-0.2374062812,-0.02721026778,0.0
0.801,0.2890765768,-0.1736808099,-0.1153957251,0.0
0.802,0.285547616,-0.09308816266,-0.1924594147,0.0
0.803,0.2537249548,-0.003219532887,-0.2505053901,0.0
0.804,0.1971312673,0.08690851131,-0.2840397568,0.0
0.805,0.1213334097,0.1684230633,-0.2897564633,0.0
0.806,0.03341651558,0.2336007902,-0.2670173092,0.0
0.807,-0.05749074422,0.2757001301,-0.218209402,0.0
0.808,-0.1427496968,0.2908843884,-0.1481347189,0.0
0.809,-0.2139809687,0.2775083959,-0.06352746298,0.0
0.81,-0.2644679291,0.2371666602,0.02730122821,0.0
0.811,-0.288846468,0.1734935152,0.1153529112,0.0
0.812,-0.2852832191,0.09301374907,0.1922694314,0.0
0.813,-0.2535039746,0.003282143751,0.250221799,0.0
0.814,-0.1971195726,-0.08669329882,0.2838128496,0.0
0.815,-0.1214072218,-0.1682407678,0.2896479798,0.0
0.816,-0.0336587932,-0.2333984222,0.2670572187,0.0
0.817,0.05723408761,-0.2756622587,0.2184281872,0.0
0.818,0.1426124505,-0.2909613607,0.1483489375,0.0
0.819,0.2138130107,-0.2776507615,0.06383778649,0.0
0.82,0.264618249,-0.237404043,-0.02721416523,0.0
0.821,0.2890769829,-0.1736813778,-0.1153955633,0.0
0.822,0.2855488505,-0.09308653745,-0.1924622744,0.0
0.823,0.2537240362,-0.003221576137,-0.2505024282,0.0
0.824,0.1971310065,0.08690900389,-0.2840399886,0.0
0.825,0.1213332691,0.1684223458,-0.2897556052,0.0
0.826,0.03341594554,0.2336001309,-0.2670160798,0.0
0.827,-0.05749011694,0.2757007076,-0.2182106068,0.0
0.828,-0.1427495071,0.2908838496,-0.1481343698,0.0
0.829,-0.2139811768,0.2775081333,-0.06352699227,0.0
0.83,-0.264467198,0.2371676057,0.02729955156,0.0
0.831,-0.2888470825,0.173492834,0.1153542068,0.0
0.832,-0.2852831449,0.0930147598,0.1922683464,0.0
0.833,-0.2535038449,0.003282126581,0.2502216865,0.0
0.834,-0.1971198526,-0.08669326113,0.2838130919,0.0
0.835,-0.1214073198,-0.1682406684,0.2896479785,0.0
0.836,-0.03365865517,-0.2333984537,0.2670571122,0.0
0.837,0.05723365068,-0.2756625553,0.2184289207,0.0
0.838,0.1426126549,-0.2909611138,0.1483484861,0.0
0.839,0.2138129316,-0.2776511514,0.06383825554,0.0
0.84,0.2646181187,-0.2374040574,-0.02721402047,0.0
0.841,0.2890772942,-0.1736813192,-0.1153959332,0.0
0.842,0.2855486722,-0.09308672233,-0.1924619112,0.0
0.843,0.2537196595,-0.003225781263,-0.2504938464,0.0
0.844,0.1971178882,0.08689585894,-0.2840137253,0.0
0.845,0.1213394694,0.1684276143,-0.289767074,0.0
0.846,0.03340526152,0.2335893019,-0.2669945668,0.0
0.847,-0.05748247524,0.2757086132,-0.2182261541,0.0
0.848,-0.1427582373,0.2908756698,-0.1481174598,0.0
0.849,-0.2139710832,0.2775198843,-0.06354883687,0.0
0.85,-0.2644689013,0.2371668424,0.02730201813,0.0
0.851,-0.2888447092,0.1734946025,0.115350065,0.0
0.852,-0.2852836987,0.09301482932,0.1922688307,0.0
0.853,-0.2535042697,0.003281136564,0.2502231014,0.0
0.854,-0.1971242886,-0.08669781141,0.2838220782,0.0
0.855,-0.121408092,-0.16824073,0.2896488122,0.0
0.856,-0.0336635887,-0.2334047225,0.2670683145,0.0
0.857,0.05723341081,-0.2756628715,0.2184294767,0.0
0.858,0.1426106156,-0.2909650231,0.1483544348,0.0
0.859,0.2138115061,-0.2776534698,0.06384199946,0.0
0.86,0.2646162933,-0.2374058941,-0.0272103584,0.0
0.861,0.2890763071,-0.1736815643,-0.1153947011,0.0
0.862,0.2855466588,-0.09308873091,-0.1924578892,0.0
0.863,0.2537246658,-0.003219860886,-0.2505047731,0.0
0.864,0.1971301904,0.08690729634,-0.2840374649,0.0
0.865,0.1213334981,0.1684231517,-0.28975664,0.0
0.866,0.03341522891,0.2335991561,-0.2670143884,0.0
0.867,-0.05749007264,0.2757009144,-0.2182108579,0.0
0.868,-0.1427505341,0.2908834291,-0.1481329223,0.0
0.869,-0.2139807173,0.2775087855,-0.06352810404,0.0
0.87,-0.2644678956,0.2371668733,0.02730098148,0.0
0.871,-0.2888471817,0.1734928382,0.1153543018,0.0
0.872,-0.2852830598,0.0930141552,0.1922688659,0.0
0.873,-0.2535043525,0.003281526738,0.2502227939,0.0
0.874,-0.1971196859,-0.0866934002,0.2838130642,0.0
0.875,-0.1214072362,-0.1682411191,0.2896483456,0.0
0.876,-0.03365892844,-0.2333986654,0.2670575972,0.0
0.877,0.05723415484,-0.2756624253,0.2184282865,0.0
0.878,0.1426123803,-0.2909615002,0.1483491471,0.0
0.879,0.2138130993,-0.2776507178,0.0638376542,0.0
0.88,0.2646180299,-0.237404117,-0.0272138721,0.0
0.881,0.2890769225,-0.1736812076,-0.1153956732,0.0
0.882,0.285548641,-0.09308649117,-0.1924621111,0.0
0.883,0.2537081313,-0.003237296875,-0.2504708026,0.0
0.884,0.1971288286,0.08690693133,-0.284035738,0.0
0.885,0.1213301259,0.1684179511,-0.2897480672,0.0
0.886,0.03341559698,0.2335993926,-0.267014993,0.0
0.887,-0.05748184652,0.275708957,-0.2182271266,0.0
0.888,-0.1427499641,0.2908840468,-0.14813411,0.0
0.889,-0.2139703009,0.2775206468,-0.06355038163,0.0
0.89,-0.264461306,0.2371753552,0.02728591003,0.0
0.891,-0.288843344,0.173496034,0.1153472682,0.0
0.892,-0.2852814062,0.0930176885,0.192263679,0.0
0.893,-0.2535014384,0.003284121455,0.2502172851,0.0
0.894,-0.1971248028,-0.08669818564,0.2838229666,0.0
0.895,-0.1214056001,-0.1682379887,0.2896435791,0.0
0.896,-0.03366316234,-0.2334043282,0.2670674939,0.0
0.897,0.05723469162,-0.275661296,0.2184266205,0.0
0.898,0.1426107893,-0.2909649409,0.1483541789,0.0
0.899,0.213812177,-0.2776524124,0.06384027113,0.0
0.9,0.2646164253,-0.237406035,-0.02721034957,0.0
0.901,0.2890767662,-0.1736807064,-0.115396018,0.0
0.902,0.2855474001,-0.09308826788,-0.1924590935,0.0
0.903,0.253724854,-0.003219425975,-0.2505053962,0.0
0.904,0.1971312088,0.08690824478,-0.2840394318,0.0
0.905,0.1213334063,0.1684229788,-0.2897563754,0.0
0.906,0.03341661059,0.2336006813,-0.2670172953,0.0
0.907,-0.05749060016,0.2757001156,-0.2182095316,0.0
0.908,-0.1427497564,0.2908843929,-0.1481346638,0.0
0.909,-0.2139807719,0.2775085769,-0.06352784075,0.0
0.91,-0.2644681498,0.2371666297,0.0273014793,0.0
0.911,-0.2888464589,0.1734936061,0.1153528111,0.0
0.912,-0.2852833993,0.09301377465,0.192269586,0.0
0.913,-0.2535039853,0.003281995723,0.2502219578,0.0
0.914,-0.1971196001,-0.08669336111,0.2838129393,0.0
0.915,-0.1214072061,-0.1682409683,0.2896481647,0.0
0.916,-0.03365879005,-0.233398451,0.2670572444,0.0
0.917,0.05723411742,-0.2756622863,0.2184281849,0.0
0.918,0.1426125026,-0.2909612641,0.1483487887,0.0
0.919,0.2138128673,-0.2776508099,0.06383797841,0.0
0.92,0.2646182166,-0.2374039478,-0.02721422809,0.0
0.921,0.2890768486,-0.1736814104,-0.1153953965,0.0
0.922,0.2855487449,-0.09308658685,-0.1924621193,0.0
0.923,0.2537197079,-0.003226087073,-0.250493589,0.0
0.924,0.1971178961,0.08689578272,-0.284013657,0.0
0.925,0.1213396297,0.1684273953,-0.2897670153,0.0
0.926,0.03340528468,0.2335891457,-0.2669944338,0.0
0.927,-0.05748241634,0.2757085549,-0.2182261546,0.0
0.928,-0.1427581431,0.2908756427,-0.1481175269,0.0
0.929,-0.2139712504,0.2775199028,-0.06354868819,0.0
0.93,-0.2644688521,0.237166953,0.02730185827,0.0
0.931,-0.2888448483,0.1734947247,0.1153500819,0.0
0.932,-0.2852837169,0.09301481396,0.1922688642,0.0
0.933,-0.2535044107,0.00328125381,0.250223125,0.0
0.934,-0.1971242798,-0.08669781846,0.2838220765,0.0
0.935,-0.1214081316,-0.1682406514,0.2896487733,0.0
0.936,-0.03366350301,-0.2334047213,0.2670682277,0.0
0.937,0.05723339683,-0.2756628397,0.2184294589,0.0
0.938,0.1426105801,-0.290965011,0.1483544581,0.0
0.939,0.2138115258,-0.2776533799,0.06384188986,0.0
0.94,0.2646162016,-0.2374059173,-0.02721024347,0.0
0.941,0.2890763015,-0.1736816062,-0.1153946535,0.0
0.942,0.2855466803,-0.09308881594,-0.1924578256,0.0
0.943,0.2537247398,-0.003219922266,-0.2505047857,0.0
0.944,0.1971303675,0.08690721562,-0.2840375613,0.0
0.945,0.1213336722,0.1684230886,-0.2897567511,0.0
0.946,0.03341533469,0.2335990965,-0.2670144346,0.0
0.947,-0.05749000609,0.2757009396,-0.2182109496,0.0
0.948,-0.1427505081,0.2908834878,-0.148133007,0.0
0.949,-0.2139808527,0.2775088791,-0.06352806221,0.0
0.95,-0.2644680185,0.2371669026,0.02730107518,0.0
0.951,-0.2888473498,0.1734929417,0.1153543664,0.0
0.952,-0.2852832294,0.09301415236,0.1922690384,0.0
0.953,-0.2535044555,0.003281415673,0.250223008,0.0
0.954,-0.1971197081,-0.08669339491,0.2838130812,0.0
0.955,-0.1214072226,-0.1682412856,0.2896484984,0.0
0.956,-0.03365886663,-0.2333986379,0.2670575079,0.0
0.957,0.05723424978,-0.275662494,0.2184282603,0.0
0.958,0.1426124194,-0.2909614568,0.1483490647,0.0
0.959,0.2138131187,-0.277650705,0.06383762209,0.0
0.96,0.2646180871,-0.2374040676,-0.02721397869,0.0
0.961,0.289076857,-0.1736812424,-0.1153955729,0.0
0.962,0.2855486949,-0.09308654538,-0.1924621108,0.0
0.963,0.2537238386,-0.003221576918,-0.2505022298,0.0
0.964,0.1971309824,0.08690901216,-0.2840399728,0.0
0.965,0.1213332148,0.168422369,-0.289755574,0.0
0.966,0.03341609504,0.2336001827,-0.2670162812,0.0
0.967,-0.05749011862,0.2757007535,-0.218210651,0.0
0.968,-0.1427494355,0.2908839924,-0.1481345842,0.0
0.969,-0.2139811897,0.2775081829,-0.06352702898,0.0
0.97,-0.2644672363,0.2371677878,0.02729940769,0.0
0.971,-0.2888471283,0.1734926921,0.1153543945,0.0
0.972,-0.2852831501,0.09301472958,0.1922683818,0.0
0.973,-0.2535037292,0.003281973509,0.2502217239,0.0
0.974,-0.1971197336,-0.08669355196,0.2838132637,0.0
0.975,-0.1214070677,-0.1682407851,0.2896478431,0.0
0.976,-0.03365849053,-0.2333986749,0.2670571688,0.0
0.977,0.05723379257,-0.2756625016,0.2184287251,0.0
0.978,0.1426127069,-0.2909610799,0.1483484002,0.0
0.979,0.2138128688,-0.2776509077,0.06383807462,0.0
0.98,0.2646179299,-0.237403921,-0.02721396812,0.0
0.981,0.2890770935,-0.1736810531,-0.1153959986,0.0
0.982,0.2855484035,-0.09308666463,-0.1924617002,0.0
0.983,0.2537081043,-0.003237198447,-0.250470874,0.0
0.984,0.197128725,0.08690667721,-0.2840353804,0.0
0.985,0.1213301223,0.168417832,-0.2897479446,0.0
0.986,0.0334156416,0.2335993647,-0.2670150097,0.0
0.987,-0.0574816624,0.2757089067,-0.2182272604,0.0
0.988,-0.1427500914,0.2908840791,-0.148134015,0.0
0.989,-0.2139700661,0.2775207632,-0.06355073289,0.0
0.99,-0.2644615145,0.2371753501,0.02728612365,0.0
0.991,-0.2888433818,0.1734960638,0.1153472763,0.0
0.992,-0.2852814942,0.09301768162,0.1922637739,0.0
0.993,-0.2535014928,0.003284014643,0.2502174463,0.0
0.994,-0.1971248122,-0.08669830282,0.2838230931,0.0
0.995,-0.1214055558,-0.1682381232,0.2896436693,0.0
0.996,-0.03366310673,-0.2334044083,0.2670675184,0.0
0.997,0.05723473185,-0.2756613118,0.2184265961,0.0
0.998,0.1426108588,-0.2909648518,0.1483540202,0.0
0.999,0.2138120806,-0.277652417,0.06384037215,0.0
1.0,0.7205305792,-2.609701982,1.889171496,0.0
1.001,1.444257719,-2.531736386,1.087478849,1.0
1.002,2.512522868,-3.594071852,1.0815493,1.0
1.003,3.487992102,-4.163562417,0.6755707511,1.0
1.004,4.441986738,-4.174118219,-0.26786797,1.0
1.005,5.176670152,-3.836136833,-1.34053268,1.0
1.006,5.734093501,-3.474982136,-2.259110659,1.0
1.007,6.127808762,-3.271132376,-2.856675634,1.0
1.008,6.137637395,-2.456807567,-3.680829076,1.0
1.009,5.757061969,-1.032092312,-4.724968949,1.0
1.01,5.180371511,-0.2113475115,-4.969023363,1.0
1.011,4.34848776,0.5609253234,-4.909412548,1.0
1.012,3.319363461,1.486513227,-4.805876281,1.0
1.013,2.246291096,2.111792854,-4.358083671,1.0
1.014,1.277050081,2.154500793,-3.431550716,1.0
1.015,0.3885688567,2.262542248,-2.651111056,1.0
1.016,-0.3342608686,2.225824219,-1.891563389,1.0
1.017,-0.7169358835,1.394851889,-0.6779160924,1.0
1.018,-0.8671347826,0.7144171723,0.152717505,1.0
1.019,-0.7377645693,-0.03178717232,0.7695516522,1.0
1.02,-0.2712978611,-1.196717837,1.468015666,1.0
1.021,0.4013627722,-2.074970325,1.673607603,1.0
1.022,1.229127317,-2.694754642,1.465627476,1.0
1.023,2.163194191,-3.379125445,1.215931519,1.0
1.024,3.056754424,-3.657398833,0.6006447839,1.0
1.025,3.838230869,-3.594235528,-0.2439948706,1.0
1.026,4.41582302,-3.271016346,-1.144806134,1.0
1.027,4.732753204,-2.656336609,-2.076416016,1.0
1.028,4.76528543,-1.859677498,-2.905607348,1.0
1.029,4.486048083,-0.9250702096,-3.560977325,1.0
1.03,3.926011211,0.1075289421,-4.033539673,1.0
1.031,3.162187755,0.9703064861,-4.132493854,1.0
1.032,2.245833245,1.687997293,-3.933830263,1.0
1.033,1.256601928,2.311129204,-3.567730978,1.0
1.034,0.3176455623,2.526252494,-2.843898018,1.0
1.035,-0.4954744265,2.431712032,-1.936237667,1.0
1.036,-1.134635457,2.202493834,-1.067858517,1.0
1.037,-1.505574008,1.59348123,-0.08790740677,1.0
1.038,-1.581705803,0.7580861435,0.8236194658,1.0
1.039,-1.388455988,-0.05316777495,1.441623593,1.0
1.04,-0.9134280335,-0.9931268451,1.906554767,1.0
1.041,-0.2126806336,-1.899844524,2.112525131,1.0
1.042,0.6227322689,-2.566295054,1.943562861,1.0
1.043,1.525943959,-3.061459727,1.535515954,1.0
1.044,2.402069271,-3.318868983,0.9168000062,1.0
1.045,3.1490717,-3.224204239,0.07513292449,1.0
1.046,3.700167103,-2.869389289,-0.8307773615,1.0
1.047,3.995328217,-2.281782883,-1.713544845,1.0
1.048,3.997787288,-1.467461451,-2.530325347,1.0
1.049,3.712456718,-0.5661421094,-3.146314154,1.0
1.05,3.16370166,0.3540748525,-3.517776125,1.0
1.051,2.402697672,1.231739445,-3.634436822,1.0
1.052,1.511669078,1.914634459,-3.426303352,1.0
1.053,0.569910949,2.39257678,-2.962487659,1.0
1.054,-0.3321625748,2.628377035,-2.296214501,1.0
1.055,-1.09763493,2.52451731,-1.426882515,1.0
1.056,-1.663994153,2.169818482,-0.505824533,1.0
1.057,-1.978287252,1.596028664,0.3822583454,1.0
1.058,-2.00058943,0.7892365223,1.211352663,1.0
1.059,-1.741172853,-0.09656544706,1.837738086,1.0
1.06,-1.227426272,-0.9786428425,2.206068964,1.0
1.061,-0.5034001934,-1.828228535,2.331628666,1.0
1.062,0.3494174486,-2.501296867,2.151879461,1.0
1.063,1.244024213,-2.932228911,1.68820485,1.0
1.064,2.095261736,-3.122683235,1.027421756,1.0
1.065,2.810938784,-3.011988794,0.2010503538,1.0
1.066,3.317071764,-2.61034581,-0.7067255481,1.0
1.067,3.566242234,-1.991212942,-1.575028856,1.0
1.068,3.528704205,-1.186892405,-2.341811367,1.0
1.069,3.207597324,-0.2805362495,-2.927060682,1.0
1.07,2.637484346,0.6150160839,-3.252500107,1.0
1.071,1.871828673,1.436134013,-3.307962457,1.0
1.072,0.9871681617,2.09384021,-3.081008251,1.0
1.073,0.07271094922,2.508003331,-2.580714272,1.0
1.074,-0.7851829135,2.664231716,-1.879048899,1.0
1.075,-1.50114161,2.535421938,-1.034280511,1.0
1.076,-2.003796659,2.123226792,-0.1194303794,1.0
1.077,-2.248651379,1.496012743,0.7526383602,1.0
1.078,-2.210875557,0.7008827264,1.509992559,1.0
1.079,-1.893943295,-0.1923718104,2.086314874,1.0
1.08,-1.334377315,-1.068784816,2.403161966,1.0
1.081,-0.5871364769,-1.856819823,2.443956227,1.0
1.082,0.2731717952,-2.485254291,2.212082529,1.0
1.083,1.15632303,-2.868474828,1.712151939,1.0
1.084,1.974511932,-2.982732967,1.008221276,1.0
1.085,2.645736154,-2.821959593,0.1762237623,1.0
1.086,3.099393489,-2.384664343,-0.7147287665,1.0
1.087,3.290908693,-1.727302215,-1.563606076,1.0
1.088,3.201377612,-0.9189070698,-2.282470151,1.0
1.089,2.837772841,-0.02776383808,-2.810008655,1.0
1.09,2.237589669,0.8468929173,-3.084482312,1.0
1.091,1.460975271,1.616933816,-3.077908908,1.0
1.092,0.5840412332,2.215401193,-2.799442355,1.0
1.093,-0.3051091091,2.574412294,-2.269303222,1.0
1.094,-1.11837453,2.659495505,-1.541121112,1.0
1.095,-1.776639096,2.470846178,-0.6942073002,1.0
1.096,-2.214169467,2.01948185,0.1946873463,1.0
1.097,-2.388551074,1.352857769,1.035693012,1.0
1.098,-2.284616362,0.5448694022,1.73974668,1.0
1.099,-1.912783106,-0.3318366741,2.244619545,1.0
1.1,-1.311564138,-1.186821517,2.498385494,1.0
1.101,-0.5430456549,-1.928588224,2.471633812,1.0
1.102,0.3159262634,-2.491000811,2.175074586,1.0
1.103,1.178194054,-2.814933498,1.636739588,1.0
1.104,1.955949239,-2.863413236,0.9074642361,1.0
1.105,2.571705668,-2.639245691,0.06754033742,1.0
1.106,2.963170783,-2.162373705,-0.8007967154,1.0
1.107,3.090381686,-1.477416817,-1.61296449,1.0
1.108,2.941485956,-0.659506723,-2.281978873,1.0
1.109,2.531243866,0.2120631871,-2.743306743,1.0
1.11,1.900495279,1.052357539,-2.952852585,1.0
1.111,1.113132393,1.772496476,-2.885628732,1.0
1.112,0.2476768981,2.303528713,-2.551205581,1.0
1.113,-0.6097012044,2.594391621,-1.984690492,1.0
1.114,-1.373060654,2.612690589,-1.239630103,1.0
1.115,-1.966902506,2.360142454,-0.3932401895,1.0
1.116,-2.332791799,1.863731599,0.4690599138,1.0
1.117,-2.434600616,1.170675424,1.263924894,1.0
1.118,-2.26356257,0.3537442013,1.909818091,1.0
1.119,-1.8381083,-0.5043086063,2.34241668,1.0
1.12,-1.201617313,-1.319982357,2.521599522,1.0
1.121,-0.419218698,-2.008941413,2.428160059,1.0
1.122,0.429725638,-2.50221189,2.072486304,1.0
1.123,1.259824654,-2.75319812,1.49337362,1.0
1.124,1.987200267,-2.734902727,0.747702703,1.0
1.125,2.538757104,-2.449897738,-0.08885905564,1.0
1.126,2.859611725,-1.929488597,-0.9301227778,1.0
1.127,2.917564014,-1.224210081,-1.693353576,1.0
1.128,2.707118558,-0.4054749499,-2.301643277,1.0
1.129,2.250007958,0.4426874872,-2.69269517,1.0
1.13,1.592160185,1.237121608,-2.829281598,1.0
1.131,0.7998219933,1.897849837,-2.697671732,1.0
1.132,-0.04720605818,2.357668264,-2.310462211,1.0
1.133,-0.8641864998,2.572687114,-1.70850072,1.0
1.134,-1.569356187,2.521500742,-0.9521447471,1.0
1.135,-2.092280304,2.209169168,-0.1168891194,1.0
1.136,-2.381419365,1.669449545,0.711969528,1.0
1.137,-2.408691737,0.9568066322,1.45188481,1.0
1.138,-2.172409258,0.1429121087,2.029496883,1.0
1.139,-1.697709793,-0.6887342166,2.386443802,1.0
1.14,-1.033387246,-1.455070947,2.488458065,1.0
1.141,-0.2470604386,-2.079758237,2.326818644,1.0
1.142,0.5814665849,-2.499463079,1.917996565,1.0
1.143,1.368698567,-2.673412528,1.304714128,1.0
1.144,2.035632946,-2.585314818,0.5496821214,1.0
1.145,2.515422527,-2.243906942,-0.2715152769,1.0
1.146,2.760395783,-1.68484376,-1.075551686,1.0
1.147,2.746544478,-0.9650554299,-1.781488712,1.0
1.148,2.47568546,-0.1563885937,-2.319296562,1.0
1.149,1.97559499,0.6591626252,-2.634757373,1.0
1.15,1.296986613,1.399560552,-2.696547006,1.0
1.151,0.5082920545,1.991290574,-2.499582566,1.0
1.152,-0.3109495328,2.374721874,-2.063772379,1.0
1.153,-1.078320972,2.511875029,-1.433554188,1.0
1.154,-1.716945874,2.390327531,-0.6733818664,1.0
1.155,-2.163034976,2.022761997,0.1402727145,1.0
1.156,-2.372514535,1.447225966,0.9252882777,1.0
1.157,-2.325482352,0.72305914,1.602422927,1.0
1.158,-2.027901472,-0.07656235415,2.104463577,1.0
1.159,-1.511034934,-0.8706580135,2.381692762,1.0
1.16,-0.8281324425,-1.578968828,2.407101168,1.0
1.161,-0.04874946753,-2.131060783,2.179810244,1.0
1.162,0.7482037267,-2.472046012,1.723842376,1.0
1.163,1.482437356,-2.5683417,1.085904524,1.0
1.164,2.080439044,-2.411684364,0.3312455744,1.0
1.165,2.482617955,-2.018655803,-0.4639618482,1.0
1.166,2.649187333,-1.429345557,-1.219841451,1.0
1.167,2.564167802,-0.7038892951,-1.860278192,1.0
1.168,2.236785982,0.08458115199,-2.321366859,1.0
1.169,1.700545977,0.8568091576,-2.557354926,1.0
1.17,1.009946454,1.534901826,-2.544848155,1.0
1.171,0.234878187,2.051036819,-2.285914976,1.0
1.172,-0.5464020548,2.353858182,-1.807456193,1.0
1.173,-1.255142161,2.413339682,-1.158197675,1.0
1.174,-1.820202913,2.22456944,-0.404366749,1.0
1.175,-2.18525746,1.807747886,0.3775093058,1.0
1.176,-2.31443188,1.20581128,1.108620317,1.0
1.177,-2.195962504,0.4805902488,1.715371986,1.0
1.178,-1.843209166,-0.2940378541,2.137246794,1.0
1.179,-1.293078429,-1.039875204,2.332953473,1.0
1.18,-0.6021793182,-1.681817857,2.2839971,1.0
1.181,0.15909241,-2.155817194,1.996724802,1.0
1.182,0.9137636606,-2.415272312,1.501508763,1.0
1.183,1.585970322,-2.435104817,0.8491346889,1.0
1.184,2.108546015,-2.214484116,0.1059383587,1.0
1.185,2.429663036,-1.776762694,-0.6529000452,1.0
1.186,2.517844867,-1.166668123,-1.351176436,1.0
1.187,2.365061405,-0.4461416192,-1.918919496,1.0
1.188,1.987486995,0.3119084153,-2.299395166,1.0
1.189,1.423807927,1.031196237,-2.455003989,1.0
1.19,0.7313698758,1.639394959,-2.370764744,1.0
1.191,-0.01959954316,2.075493879,-2.055894338,1.0
1.192,-0.7531455995,2.296213551,-1.543068043,1.0
1.193,-1.395285951,2.280111204,-0.8848254233,1.0
1.194,-1.881559259,2.029816202,-0.148257173,1.0
1.195,-2.163625083,1.571877172,0.5917476463,1.0
1.196,-2.214111151,0.9536856019,1.260425277,1.0
1.197,-2.029290942,0.2385982924,1.7906924,1.0
1.198,-1.629319518,-0.5005024612,2.129821779,1.0
1.199,-1.055951034,-1.188923072,2.244873976,1.0
1.2,-0.3681144136,-1.757637744,2.125752111,1.0
1.201,0.3641703281,-2.150082488,1.785912203,1.0
1.202,1.066943152,-2.327896106,1.260953084,1.0
1.203,1.669715384,-2.274480214,0.6047650336,1.0
1.204,2.112436062,-1.996398962,-0.1160368414,1.0
1.205,2.351405068,-1.522737863,-0.8286669171,1.0
1.206,2.36351796,-0.9019984019,-1.461519269,1.0
1.207,2.148475035,-0.1971594364,-1.951315335,1.0
1.208,1.728785302,0.5204879282,-2.249273018,1.0
1.209,1.147484298,1.178584836,-2.326068993,1.0
1.21,0.463791897,1.711013267,-2.174805106,1.0
1.211,-0.2528593599,2.064468081,-1.811608751,1.0
1.212,-0.92989397,2.2039683,-1.274074443,1.0
1.213,-1.499014816,2.116426104,-0.6174114708,1.0
1.214,-1.90317555,1.811841187,0.09133412979,1.0
1.215,-2.102400988,1.322277037,0.7801236938,1.0
1.216,-2.077802838,0.6984542545,1.379348329,1.0
1.217,-1.833352709,0.004341787098,1.829010697,1.0
1.218,-1.395288738,-0.6894116682,2.084700235,1.0
1.219,-0.8092322074,-1.312735093,2.1219672,1.0
1.22,-0.1353545744,-1.803284698,1.938639254,1.0
1.221,0.5578290176,-2.112563425,1.554734474,1.0
1.222,1.2004066,-2.210643083,1.010236629,1.0
1.223,1.728060776,-2.089017679,0.3609571135,1.0
1.224,2.088405137,-1.761202208,-0.3272026742,1.0
1.225,2.246098246,-1.26125692,-0.9848410507,1.0
1.226,2.186271689,-0.6403425282,-1.545928893,1.0
1.227,1.915932418,0.03848379633,-1.954415979,1.0
1.228,1.46322271,0.7065654029,-2.169787932,1.0
1.229,0.8745878458,1.296508691,-2.171096429,1.0
1.23,0.2100816372,1.749034301,-1.959115911,1.0
1.231,-0.4627281105,2.01897189,-1.556243835,1.0
1.232,-1.075652885,2.079840126,-1.004187372,1.0
1.233,-1.566877528,1.92657592,-0.3596985829,1.0
1.234,-1.887293516,1.575969539,0.3113237459,1.0
1.235,-2.005489245,1.064819348,0.9406696516,1.0
1.236,-1.910871742,0.4460556502,1.464815857,1.0
1.237,-1.614581286,-0.2168464888,1.831427576,1.0
1.238,-1.148137073,-0.8564707335,2.004607665,1.0
1.239,-0.5600121366,-1.408331064,1.968343131,1.0
1.24,0.08946973657,-1.81738451,1.727914783,1.0
1.241,0.7343441496,-2.043464937,1.309120876,1.0
1.242,1.309666911,-2.065109304,0.7554425524,1.0
1.243,1.757976299,-1.881526228,0.1235501432,1.0
1.244,2.034938885,-1.512497755,-0.5224408814,1.0
1.245,2.11365567,-0.9962516344,-1.117403776,1.0
1.246,1.987248965,-0.3855899932,-1.601658728,1.0
1.247,1.669485098,0.2574181391,-1.926903032,1.0
1.248,1.193358732,0.8676832743,-2.061041859,1.0
1.249,0.6077618065,1.383631485,-1.991393216,1.0
1.25,-0.0274690437,1.753442087,-1.725973045,1.0
1.251,-0.6476541873,1.940340369,-1.29268626,1.0
1.252,-1.18989952,1.926335328,-0.7364359522,1.0
1.253,-1.599561582,1.71403343,-0.1144720426,1.0
1.254,-1.835854128,1.326304618,0.5095492856,1.0
1.255,-1.875978613,0.8037943034,1.07218408,1.0
1.256,-1.717339431,0.2006032492,1.516735971,1.0
1.257,-1.377624563,-0.4213912505,1.799015643,1.0
1.258,-0.8927733364,-0.9989676231,1.891740849,1.0
1.259,-0.3130987071,-1.474010038,1.787108706,1.0
1.26,0.3019841569,-1.799321759,1.497337638,1.0
1.261,0.890051744,-1.943250784,1.053199147,1.0
1.262,1.391956503,-1.892671465,0.5007151314,1.0
1.263,1.757688088,-1.654093746,-0.103594127,1.0
1.264,1.951267734,-1.252852399,-0.6984150967,1.0
1.265,1.954228275,-0.7304539839,-1.223774052,1.0
1.266,1.767366564,-0.1403613124,-1.627005035,1.0
1.267,1.410606439,0.4573774935,-1.867983759,1.0
1.268,0.9209672144,1.002176315,-1.923143415,1.0
1.269,0.3488110921,1.439037459,-1.787848507,1.0
1.27,-0.2472825332,1.724138531,-1.476856026,1.0
1.271,-0.806518339,1.829317568,-1.022799326,1.0
1.272,-1.272145426,1.74495067,-0.4728053989,1.0
1.273,-1.597308619,1.480888449,0.116419975,1.0
1.274,-1.749855421,1.065351427,0.6845037801,1.0
1.275,-1.715592696,0.54189802,1.173694466,1.0
1.276,-1.500905303,-0.0345643606,1.535469479,1.0
1.277,-1.130334785,-0.6043285302,1.734663176,1.0
1.278,-0.6446863059,-1.108651575,1.753337801,1.0
1.279,-0.09464887307,-1.496758234,1.591407094,1.0
1.28,0.4639846833,-1.730672333,1.266687705,1.0
1.281,0.9748806246,-1.789418979,0.8145384726,1.0
1.282,1.387133288,-1.665221765,0.2780886449,1.0
1.283,1.659672241,-1.378361718,-0.2813103211,1.0
1.284,1.765628621,-0.9473791848,-0.8182492203,1.0
1.285,1.695105766,-0.426858138,-1.26824742,1.0
1.286,1.456430218,0.1281071801,-1.584537219,1.0
1.287,1.075165332,0.6686419882,-1.743807188,1.0
1.288,0.5912760454,1.135717876,-1.726993848,1.0
1.289,0.05460467937,1.482567509,-1.53717218,1.0
1.29,-0.4799784541,1.674829487,-1.19485109,1.0
1.291,-0.9579852117,1.695061772,-0.7370766764,1.0
1.292,-1.330842727,1.545762475,-0.2149199094,1.0
1.293,-1.562648145,1.24115329,0.321494664,1.0
1.294,-1.631722834,0.8135340177,0.8181886171,1.0
1.295,-1.533862755,0.3102172754,1.223645292,1.0
1.296,-1.274461981,-0.218223826,1.49268565,1.0
1.297,-0.8820788695,-0.7185007248,1.600579485,1.0
1.298,-0.4006485605,-1.139274494,1.539923003,1.0
1.299,0.1213500484,-1.43771781,1.316367774,1.0
1.3,0.6275457088,-1.584813253,0.9572676196,1.0
1.301,1.066484152,-1.567313233,0.5008292099,1.0
1.302,1.394306464,-1.388076406,-0.006229888516,1.0
1.303,1.578570427,-1.066900774,-0.5116694612,1.0
1.304,1.603897945,-0.6378574504,-0.966040298,1.0
1.305,1.467679413,-0.1453402873,-1.322338946,1.0
1.306,1.184175094,0.3598735696,-1.544048518,1.0
1.307,0.783739314,0.82616311,-1.609902327,1.0
1.308,0.3081647401,1.206070358,-1.514235059,1.0
1.309,-0.1926995398,1.461024154,-1.268324636,1.0
1.31,-0.6677059461,1.565968036,-0.8982621695,1.0
1.311,-1.068096743,1.511008705,-0.4429120915,1.0
1.312,-1.353065463,1.30300587,0.0500594289,1.0
1.313,-1.494578371,0.9649125742,0.5296656147,1.0
1.314,-1.479197309,0.532235792,0.9469613365,1.0
1.315,-1.309820279,0.05045350282,1.259366615,1.0
1.316,-1.005074862,-0.4299683479,1.435043086,1.0
1.317,-0.5977497525,-0.8599644562,1.457714134,1.0
1.318,-0.1310577947,-1.195782411,1.326840188,1.0
1.319,0.3466303601,-1.403650916,1.057020596,1.0
1.32,0.7861099594,-1.463650601,0.6775407356,1.0
1.321,1.142662038,-1.371144804,0.228482905,1.0
1.322,1.38057079,-1.137018323,-0.243552299,1.0
1.323,1.4764291,-0.7866113494,-0.689817571,1.0
1.324,1.421679439,-0.3570123758,-1.064666889,1.0
1.325,1.223276191,0.1070641182,-1.330340159,1.0
1.326,0.9027393977,0.5575852829,-1.460324569,1.0
1.327,0.4939817816,0.9485586222,-1.442540342,1.0
1.328,0.03993384386,1.24113367,-1.281067507,1.0
1.329,-0.4121167426,1.405205856,-0.993089162,1.0
1.33,-0.8153820101,1.422587979,-0.6072060665,1.0
1.331,-1.128396957,1.293736428,-0.1653396071,1.0
1.332,-1.319408169,1.034326765,0.2850812433,1.0
1.333,-1.369603383,0.6711572155,0.6984460001,1.0
1.334,-1.274990069,0.2443978759,1.030592037,1.0
1.335,-1.046829737,-0.2011791824,1.248008791,1.0
1.336,-0.7102104006,-0.6192788951,1.329489208,1.0
1.337,-0.3012822575,-0.9665778613,1.26786008,1.0
1.338,0.136656447,-1.208667835,1.072011402,1.0
1.339,0.5577993153,-1.320559317,0.7627600675,1.0
1.34,0.9186186809,-1.29194785,0.3733292798,1.0
1.341,1.18227987,-1.127693668,-0.05458605881,1.0
1.342,1.322416425,-0.8460090945,-0.4764071699,1.0
1.343,1.325724769,-0.4775699285,-0.8481546789,1.0
1.344,1.193104244,-0.06123296556,-1.131871132,1.0
1.345,0.9395466672,0.3592434276,-1.298789979,1.0
1.346,0.5925006819,0.7399644471,-1.332465055,1.0
1.347,0.1888980523,1.041687526,-1.230585554,1.0
1.348,-0.2286112029,1.233421534,-1.004810357,1.0
1.349,-0.6161645471,1.295942012,-0.6797775381,1.0
1.35,-0.9333322181,1.223541557,-0.2902094515,1.0
1.351,-1.147316661,1.025035922,0.1222806,1.0
1.352,-1.236435523,0.7225565446,0.5138788287,1.0
1.353,-1.192405743,0.3487276026,0.8436779948,1.0
1.354,-1.021123202,-0.0562235212,1.077346598,1.0
1.355,-0.7419336625,-0.4492081417,1.191141713,1.0
1.356,-0.3854518028,-0.7888775923,1.174329347,1.0
1.357,0.009850531095,-1.03984369,1.029993158,1.0
1.358,0.4018162176,-1.176610621,0.7747944499,1.0
1.359,0.7490918261,-1.185989847,0.4368981107,1.0
1.36,1.015521802,-1.068318414,0.05279673451,1.0
1.361,1.173842897,-0.8373391179,-0.336503637,1.0
1.362,1.208422458,-0.5185934195,-0.6898288915,1.0
1.363,1.116795472,-0.1465461377,-0.9702491979,1.0
1.364,0.9097731725,0.2390186814,-1.148791742,1.0
1.365,0.6102252678,0.5971537725,-1.207378965,1.0
1.366,0.2506491983,0.8901447887,-1.140793955,1.0
1.367,-0.1303012339,1.087323717,-0.9570224968,1.0
1.368,-0.4919041213,1.168353065,-0.6764490022,1.0
1.369,-0.7956806117,1.125450614,-0.3297700973,1.0
1.37,-1.009522807,0.9640519746,0.04547071084,1.0
1.371,-1.111144566,0.7023196487,0.4088247828,1.0
1.372,-1.09045782,0.3691682188,0.721289469,1.0
1.373,-0.9506482917,0.001007789628,0.9496403862,1.0
1.374,-0.7077722935,-0.3621919127,1.069964119,1.0
1.375,-0.3889146234,-0.6812652033,1.070179778,1.0
1.376,-0.02916945861,-0.922173207,0.9513426604,1.0
1.377,0.3322511769,-1.059633785,0.727382647,1.0
1.378,0.6563213447,-1.079731862,0.4234105948,1.0
1.379,0.9083986228,-0.9813690856,0.07297057155,1.0
1.38,1.061907677,-0.7762115452,-0.285696004,1.0
1.381,1.101106064,-0.4872710889,-0.6138348417,1.0
1.382,1.022648228,-0.1464161169,-0.8762319876,1.0
1.383,0.8358489858,0.2091500755,-1.044998959,1.0
1.384,0.561615713,0.5408810911,-1.102496735,1.0
1.385,0.2301636169,0.8129454538,-1.043109041,1.0
1.386,-0.1222266923,0.9961010881,-0.8738744091,1.0
1.387,-0.4570984355,1.070813643,-0.6137152616,1.0
1.388,-0.7379741732,1.029350698,-0.2913766124,1.0
1.389,-0.9343140364,0.8766798044,0.05763412005,1.0
1.39,-1.024866072,0.6299497448,0.3949162044,1.0
1.391,-1.000036946,0.316618355,0.6834184706,1.0
1.392,-0.8629716949,-0.02853422946,0.8915058199,1.0
1.393,-0.6292181757,-0.367260018,0.996478117,1.0
1.394,-0.3250021815,-0.6621301369,0.9871322782,1.0
1.395,0.01571642475,-0.8806719998,0.8649555758,1.0
1.396,0.3550490746,-0.9989775599,0.6439285268,1.0
1.397,0.6554025197,-1.004352103,0.3489496608,1.0
1.398,0.8836486615,-0.8966306624,0.01298210644,1.0
1.399,1.014757233,-0.6881401178,-0.3266169935,1.0
1.4,1.034499056,-0.4022896326,-0.632209299,1.0
1.401,0.9409544808,-0.07092457178,-0.8700297956,1.0
1.402,0.7446745091,0.2691672766,-1.013841696,1.0
1.403,0.4674996351,0.5802659706,-1.047765549,1.0
1.404,0.1401822792,0.8278426751,-0.9680249367,1.0
1.405,-0.2009486839,0.984315406,-0.7833667454,1.0
1.406,-0.5179364645,1.032082442,-0.5141460392,1.0
1.407,-0.7753452166,0.9655237608,-0.1901786367,1.0
1.408,-0.9441856394,0.7917009989,0.1524845275,1.0
1.409,-1.005186449,0.5296770815,0.4755092469,1.0
1.41,-0.951030044,0.208517118,0.7425128118,1.0
1.411,-0.7872873926,-0.1358880574,0.9231753553,1.0
1.412,-0.5319084492,-0.4648076757,0.9967160607,1.0
1.413,-0.2132928669,-0.7410134711,0.954306312,1.0
1.414,0.1328510884,-0.933021492,0.8001704191,1.0
1.415,0.4675102377,-1.018698327,0.5511881452,1.0
1.416,0.7527731516,-0.9878045333,0.2350314717,1.0
1.417,0.9561199366,-0.8432106468,-0.1129091752,1.0
1.418,1.05410383,-0.6006146773,-0.4534890267,1.0
1.419,1.035012667,-0.2868089896,-0.7482035538,1.0
1.42,0.9002123112,0.06327263511,-0.9634848384,1.0
1.421,0.6640428866,0.4104157329,-1.07445854,1.0
1.422,0.352291412,0.7154629967,-1.067754366,1.0
1.423,-5.92027996E-4,0.943642419,-0.9430503911,1.0
1.424,-0.3552338961,1.068450014,-0.7132161607,1.0
1.425,-0.6716427223,1.074672301,-0.403029659,1.0
1.426,-0.9136364912,0.9602027447,-0.04656636307,1.0
1.427,-1.052919677,0.7364600473,0.3164595032,1.0
1.428,-1.072363391,0.4273253799,0.6450378827,1.0
1.429,-0.9681116645,0.06666182807,0.9014497205,1.0
1.43,-0.7502419524,-0.3053294407,1.055571303,1.0
1.431,-0.4418636092,-0.6465485783,1.088412135,1.0
1.432,-0.07671305058,-0.9177516376,0.9944646795,1.0
1.433,0.304515649,-1.087061357,0.7825457454,1.0
1.434,0.6587023745,-1.13371198,0.4750096851,1.0
1.435,0.9451797652,-1.050577449,0.1053977976,1.0
1.436,1.130393105,-0.8451603584,-0.285232611,1.0
1.437,1.191796062,-0.5389209653,-0.6528749533,1.0
1.438,1.120531051,-0.1650170365,-0.9555138804,1.0
1.439,0.9225836145,0.2352971495,-1.157880654,1.0
1.44,0.6182861902,0.6172068132,-1.23549293,1.0
1.441,0.2402209601,0.9372982862,-1.177519218,1.0
1.442,-0.1702485638,1.158416084,-0.9881675412,1.0
1.443,-0.567447989,1.253885472,-0.6864375518,1.0
1.444,-0.906396308,1.210639211,-0.3042430131,1.0
1.445,-1.14781433,1.030910304,0.1169038881,1.0
1.446,-1.262602515,0.7322746921,0.530327671,1.0
1.447,-1.235292756,0.346001713,0.889290895,1.0
1.448,-1.066069767,-0.08614958595,1.152219225,1.0
1.449,-0.7710934458,-0.5163849204,1.287478274,1.0
1.45,-0.3810355484,-0.8961233354,1.277158839,1.0
1.451,0.0620624642,-1.181462483,1.119400028,1.0
1.452,0.5093002459,-1.338245471,0.8289452876,1.0
1.453,0.9103129938,-1.346133205,0.435820322,1.0
1.454,1.218945782,-1.201181423,-0.01776421146,1.0
1.455,1.398555114,-0.916597492,-0.4819574527,1.0
1.456,1.42631693,-0.5215602979,-0.9047564598,1.0
1.457,1.296035829,-0.05820966557,-1.237826008,1.0
1.458,1.019120645,0.4228648884,-1.441985411,1.0
1.459,0.6236004562,0.8681389045,-1.491739287,1.0
1.46,0.151280081,1.227069869,-1.378349933,1.0
1.461,-0.3466662354,1.457764409,-1.111098217,1.0
1.462,-0.8151998311,1.53177641,-0.7165766788,1.0
1.463,-1.201436332,1.437511837,-0.2360756511,1.0
1.464,-1.460540087,1.181847547,0.2786923635,1.0
1.465,-1.560856856,0.7897571941,0.7710994734,1.0
1.466,-1.48771083,0.3019407221,1.185769928,1.0
1.467,-1.245419,-0.2293418678,1.474760718,1.0
1.468,-0.8572480409,-0.7458225557,1.603070495,1.0
1.469,-0.363256101,-1.189586897,1.552842956,1.0
1.47,0.1838007433,-1.509558372,1.325757653,1.0
1.471,0.7240908014,-1.667372265,0.9432815529,1.0
1.472,1.197258765,-1.641951452,0.444692834,1.0
1.473,1.549179445,-1.432231347,-0.1169479092,1.0
1.474,1.738144105,-1.057680805,-0.6804630893,1.0
1.475,1.739763115,-0.5565187589,-1.183244145,1.0
1.476,1.550006828,0.01820267216,-1.568209313,1.0
1.477,1.186019911,0.604236659,-1.790256428,1.0
1.478,0.6845919611,1.136887818,-1.821479698,1.0
1.479,0.09843083041,1.556129165,-1.654559985,1.0
1.48,-0.5093740239,1.813313933,-1.303939973,1.0
1.481,-1.072116769,1.876744891,-0.8046282541,1.0
1.482,-1.526751837,1.7354816,-0.2087299501,1.0
1.483,-1.820903507,1.400946741,0.4199565448,1.0
1.484,-1.91884574,0.9061152487,1.012730258,1.0
1.485,-1.805780384,0.3023214512,1.503458714,1.0
1.486,-1.489906067,-0.3460238034,1.835929691,1.0
1.487,-1.0019942,-0.9682794336,1.970273514,1.0
1.488,-0.3924525296,-1.495265891,1.887718375,1.0
1.489,0.2738609846,-1.86696521,1.593104261,1.0
1.49,0.9245470716,-2.039365094,1.114818137,1.0
1.491,1.487557706,-1.989654676,0.502097153,1.0
1.492,1.899200063,-1.719149462,-0.1800503685,1.0
1.493,2.111348694,-1.253573847,-0.8577745898,1.0
1.494,2.097040917,-0.6406274975,-1.456413165,1.0
1.495,1.853804151,0.05492689843,-1.908730825,1.0
1.496,1.404320293,0.7581375792,-2.162457704,1.0
1.497,0.794322538,1.391955191,-2.186277635,1.0
1.498,0.0879296436,1.885666398,-1.973596034,1.0
1.499,-0.6390990801,2.182751722,-1.543652722,1.0
1.5,-1.307480517,2.247304887,-0.9398245318,1.0
1.501,-1.843033336,2.068300371,-0.2252672609,1.0
1.502,-2.184886514,1.661166304,0.5237199428,1.0
1.503,-2.292373695,1.066733291,1.225640125,1.0
1.504,-2.14983711,0.3468376586,1.802999191,1.0
1.505,-1.768774419,-0.4217459925,2.190520198,1.0
1.506,-1.187031789,-1.155623469,2.342655116,1.0
1.507,-0.4650817793,-1.774025406,2.239107131,1.0
1.508,0.3202759219,-2.207523366,1.887247486,1.0
1.509,1.084104232,-2.406086667,1.32198257,1.0
1.51,1.74301566,-2.34512005,0.6021046046,1.0
1.511,2.223653383,-2.027218347,-0.1964347639,1.0
1.512,2.471403225,-1.48263567,-0.9887672537,1.0
1.513,2.45536481,-0.7673108436,-1.688053668,1.0
1.514,2.173157523,0.04359291494,-2.216750174,1.0
1.515,1.65169335,0.8625925038,-2.514285654,1.0
1.516,0.944313903,1.600371397,-2.544685187,1.0
1.517,0.1256825988,2.175951168,-2.301633754,1.0
1.518,-0.716672952,2.524029061,-1.807356199,1.0
1.519,-1.491561064,2.603805802,-1.112244922,1.0
1.52,-2.113671307,2.403235968,-0.2895649203,1.0
1.521,-2.513444197,1.940025342,0.5734185475,1.0
1.522,-2.644501597,1.261251388,1.383249886,1.0
1.523,-2.489057366,0.4378495705,2.051207493,1.0
1.524,-2.060388355,-0.4424110308,2.502799137,1.0
1.525,-1.401774948,-1.284476456,2.686251235,1.0
1.526,-0.5820658851,-1.996407831,2.578473648,1.0
1.527,0.3114845039,-2.499319466,2.187835003,1.0
1.528,1.182650966,-2.736310294,1.553659474,1.0
1.529,1.936662783,-2.678769117,0.7421065728,1.0
1.53,2.490485647,-2.329845133,-0.1606402085,1.0
1.531,2.782022442,-1.724419823,-1.057602279,1.0
1.532,2.777107562,-0.9254528716,-1.851654352,1.0
1.533,2.473389339,-0.01771567502,-2.455673363,1.0
1.534,1.900910744,0.9016478638,-2.802558377,1.0
1.535,1.119118975,1.733381058,-2.852499898,1.0
1.536,0.210606024,2.386656272,-2.597262273,1.0
1.537,-0.7275792719,2.789387811,-2.06180863,1.0
1.538,-1.594327355,2.895874511,-1.301547353,1.0
1.539,-2.295420158,2.692016583,-0.3965967073,1.0
1.54,-2.753795602,2.197354721,0.5564405429,1.0
1.541,-2.91800452,1.456587101,1.461417062,1.0
1.542,-2.767914536,0.5594713734,2.208442825,1.0
1.543,-2.310437394,-0.4174647726,2.727901886,1.0
1.544,-1.592509097,-1.361239189,2.953748093,1.0
1.545,-0.6975211688,-2.158679825,2.856200911,1.0
1.546,0.2820457056,-2.733895663,2.451849995,1.0
1.547,1.23261031,-3.015131309,1.782521152,1.0
1.548,2.063809429,-2.973921506,0.9101123319,1.0
1.549,2.686051267,-2.620788455,-0.06526248269,1.0
1.55,3.02573976,-1.988471248,-1.037268142,1.0
1.551,3.051944824,-1.146161119,-1.905783332,1.0
1.552,2.758064567,-0.1817367834,-2.576327447,1.0
1.553,2.167725948,0.8071416848,-2.974867369,1.0
1.554,1.350995259,1.708821746,-3.059816842,1.0
1.555,0.3912205239,2.428673241,-2.819893719,1.0
1.556,-0.6067340561,2.888594162,-2.281860183,1.0
1.557,-1.535960138,3.035264658,-1.499304709,1.0
1.558,-2.303402299,2.855295057,-0.5518930411,1.0
1.559,-2.819190964,2.366780539,0.4524100793,1.0
1.56,-3.029660889,1.619707745,1.409952774,1.0
1.561,-2.91304601,0.6928701117,2.220175543,1.0
1.562,-2.477985392,-0.313433131,2.791418222,1.0
1.563,-1.771965056,-1.295663021,3.067627861,1.0
1.564,-0.8684475122,-2.144337603,3.012785011,1.0
1.565,0.1386811378,-2.772459991,2.633778873,1.0
1.566,1.142399405,-3.115446481,1.973047218,1.0
1.567,2.024241528,-3.122070579,1.097829299,1.0
1.568,2.706353753,-2.801601929,0.09524850768,1.0
1.569,3.11144011,-2.192434017,-0.9190057125,1.0
1.57,3.184680959,-1.348324597,-1.836355974,1.0
1.571,2.928870608,-0.3556974476,-2.573172803,1.0
1.572,2.370247359,0.6648718686,-3.035118939,1.0
1.573,1.562996209,1.615479638,-3.178475658,1.0
1.574,0.5906171981,2.399477194,-2.990094321,1.0
1.575,-0.437451395,2.920901972,-2.483450632,1.0
1.576,-1.416240079,3.135021085,-1.718781181,1.0
1.577,-2.23975467,3.010709645,-0.7709552502,1.0
1.578,-2.820885897,2.562851203,0.2580343487,1.0
1.579,-3.101950087,1.846400972,1.255548736,1.0
1.58,-3.044829481,0.9257023603,2.119126749,1.0
1.581,-2.660461583,-0.09594845188,2.75640971,1.0
1.582,-1.99383288,-1.107307805,3.101140443,1.0
1.583,-1.106774222,-2.008919247,3.115693335,1.0
1.584,-0.1008511347,-2.694921923,2.795773047,1.0
1.585,0.9232358762,-3.104887053,2.181651292,1.0
1.586,1.858183206,-3.193205471,1.335022493,1.0
1.587,2.588953485,-2.937179222,0.348226055,1.0
1.588,3.064193962,-2.380389226,-0.6838043599,1.0
1.589,3.222704418,-1.580123566,-1.642580458,1.0
1.59,3.03517126,-0.6156230803,-2.419547809,1.0
1.591,2.5412059,0.4178942291,-2.959099819,1.0
1.592,1.787745149,1.39627998,-3.184024912,1.0
1.593,0.8515127458,2.217586916,-3.069099559,1.0
1.594,-0.1737050856,2.814058163,-2.6403531,1.0
1.595,-1.170428513,3.106846031,-1.936417663,1.0
1.596,-2.032406263,3.066686878,-1.034280864,1.0
1.597,-2.679253454,2.702412021,-0.02315889562,1.0
1.598,-3.03865217,2.053176493,0.9854753054,1.0
1.599,-3.071539944,1.192613129,1.878926439,1.0
1.6,-2.775382478,0.1987151302,2.576667008,1.0
1.601,-2.18558402,-0.8150852353,3.000668988,1.0
1.602,-1.368760427,-1.734496665,3.103256926,1.0
1.603,-0.3993369873,-2.479144393,2.878481333,1.0
1.604,0.6120490408,-2.964596276,2.352547311,1.0
1.605,1.555481255,-3.138557077,1.583076014,1.0
1.606,2.342696123,-2.987622635,0.6449267991,1.0
1.607,2.885646919,-2.526911102,-0.3587354629,1.0
1.608,3.131007995,-1.809348908,-1.321658704,1.0
1.609,3.053493635,-0.9065138462,-2.146979416,1.0
1.61,2.660896678,0.08503374067,-2.745930093,1.0
1.611,1.9999167,1.060890998,-3.060807454,1.0
1.612,1.136231261,1.919757718,-3.055988841,1.0
1.613,0.1621582947,2.571797245,-2.733955521,1.0
1.614,-0.8196887192,2.952299635,-2.132611017,1.0
1.615,-1.707471239,3.020653291,-1.313182262,1.0
1.616,-2.408679092,2.771588598,-0.3629098017,1.0
1.617,-2.851698471,2.232223729,0.6194743931,1.0
1.618,-2.992497573,1.461984585,1.530512622,1.0
1.619,-2.816631117,0.5412559648,2.275374808,1.0
1.62,-2.343546882,-0.435774288,2.779320884,1.0
1.621,-1.627208194,-1.364495279,2.991703274,1.0
1.622,-0.7400487701,-2.149014543,2.889063223,1.0
1.623,0.2255714511,-2.71117707,2.485605648,1.0
1.624,1.166502211,-2.992943562,1.826441494,1.0
1.625,1.987299133,-2.964711642,0.9774127519,1.0
1.626,2.604376277,-2.633097653,0.02872169506,1.0
1.627,2.953340726,-2.033450939,-0.9198894256,1.0
1.628,2.999825631,-1.227734279,-1.772090985,1.0
1.629,2.741155218,-0.301353524,-2.439801359,1.0
1.63,2.204237608,0.6501965336,-2.854433873,1.0
1.631,1.44638411,1.528671768,-2.975055701,1.0
1.632,0.5469023495,2.242859515,-2.789761799,1.0
1.633,-0.4015224173,2.720331133,-2.318808765,1.0
1.634,-1.300227931,2.913218629,-1.612990858,1.0
1.635,-2.056417091,2.802086013,-0.7456691743,1.0
1.636,-2.593471468,2.400185143,0.1932860069,1.0
1.637,-2.856860317,1.750448132,1.106411835,1.0
1.638,-2.820446224,0.9207029345,1.899742944,1.0
1.639,-2.489881147,-0.002758145995,2.492638989,1.0
1.64,-1.900178093,-0.9248000155,2.824977877,1.0
1.641,-1.113037199,-1.750618091,2.863655154,1.0
1.642,-0.2102209033,-2.395762088,2.605982966,1.0
1.643,0.7153712271,-2.794974944,2.079603805,1.0
1.644,1.568689314,-2.908260998,1.339571877,1.0
1.645,2.262463974,-2.724837726,0.4623740287,1.0
1.646,2.726151331,-2.264600916,-0.4615500806,1.0
1.647,2.912933782,-1.575646387,-1.337287038,1.0
1.648,2.8045777,-0.7292301344,-2.075347223,1.0
1.649,2.413018234,0.1874194177,-2.600437357,1.0
1.65,1.779186157,1.080146832,-2.859332772,1.0
1.651,0.9688147897,1.857584211,-2.826398882,1.0
1.652,0.06540464305,2.440419301,-2.505823936,1.0
1.653,-0.8383339645,2.769596037,-1.931262175,1.0
1.654,-1.649883085,2.812195584,-1.162312701,1.0
1.655,-2.286508272,2.564726183,-0.2782181914,1.0
1.656,-2.683756006,2.053368681,0.6303869967,1.0
1.657,-2.801748147,1.331089123,1.470658682,1.0
1.658,-2.629193016,0.4721928539,2.15699984,1.0
1.659,-2.184506852,-0.435366171,2.619872756,1.0
1.66,-1.51368041,-1.298997132,2.812677357,1.0
1.661,-0.6855229161,-2.030833131,2.716355963,1.0
1.662,0.215308414,-2.556617286,2.341308899,1.0
1.663,1.096989627,-2.823198491,1.726208999,1.0
1.664,1.869836985,-2.803866178,0.9340294226,1.0
1.665,2.455351801,-2.500956163,0.04560466243,1.0
1.666,2.79417933,-1.945601544,-0.8485774441,1.0
1.667,2.852102226,-1.194577817,-1.657524059,1.0
1.668,2.623474565,-0.3244383763,-2.299035868,1.0
1.669,2.131787358,0.5762336106,-2.708020708,1.0
1.67,1.427229783,1.415829724,-2.843059332,1.0
1.671,0.5815611175,2.109065656,-2.690626703,1.0
1.672,-0.3191871504,2.585614822,-2.266427711,1.0
1.673,-1.183524222,2.797237116,-1.613713039,1.0
1.674,-1.923765964,2.72262929,-0.798863561,1.0
1.675,-2.464889512,2.369522129,0.09536708202,1.0
1.676,-2.752158646,1.773849148,0.9783091612,1.0
1.677,-2.756586732,0.9960429685,1.760543427,1.0
1.678,-2.477779781,0.1148830713,2.362896407,1.0
1.679,-1.943973885,-0.7804714688,2.724445116,1.0
1.68,-1.209134252,-1.599480253,2.808614357,1.0
1.681,-0.3474667125,-2.259342502,2.606809172,1.0
1.682,0.5540310623,-2.693312402,2.139281407,1.0
1.683,1.40432447,-2.857400082,1.453075784,1.0
1.684,2.117522137,-2.734812878,0.6172910004,1.0
1.685,2.621495713,-2.337637016,-0.2838583774,1.0
1.686,2.865144734,-1.705633445,-1.159510939,1.0
1.687,2.823569601,-0.9022676598,-1.921301596,1.0
1.688,2.5005777,-0.008323820433,-2.492253573,1.0
1.689,1.92832923,0.8862171892,-2.814546183,1.0
1.69,1.164121127,1.691221996,-2.85534298,1.0
1.691,0.2846209901,2.325484799,-2.610105754,1.0
1.692,-0.6218248401,2.724902367,-2.103077602,1.0
1.693,-1.464071601,2.848919941,-1.384848519,1.0
1.694,-2.157345764,2.684617962,-0.5272724614,1.0
1.695,-2.631740646,2.248015756,0.3837245679,1.0
1.696,-2.839232488,1.582468483,1.256763657,1.0
1.697,-2.758513341,0.7543377909,2.004175213,1.0
1.698,-2.397120306,-0.1536437328,2.550763746,1.0
1.699,-1.790697353,-1.050641749,2.841338883,1.0
1.7,-0.9994665375,-1.846786781,2.846253195,1.0
1.701,-0.102219097,-2.462157097,2.564376181,1.0
1.702,0.8115328491,-2.834767989,2.023235239,1.0
1.703,1.650464124,-2.926770855,1.276306933,1.0
1.704,2.330554338,-2.728262526,0.3977084725,1.0
1.705,2.783473332,-2.258309368,-0.5251636241,1.0
1.706,2.963403319,-1.563082546,-1.400320411,1.0
1.707,2.851643444,-0.7113025264,-2.140340569,1.0
1.708,2.458510929,0.2125674441,-2.671078072,1.0
1.709,1.82235414,1.11670485,-2.939058766,1.0
1.71,1.005790766,1.911044541,-2.916835184,1.0
1.711,0.08952218269,2.516231908,-2.605754079,1.0
1.712,-0.8356555012,2.871527449,-2.035872049,1.0
1.713,-1.677842329,2.940867635,-1.263025511,1.0
1.714,-2.353155338,2.716487614,-0.3633325631,1.0
1.715,-2.794066102,2.219746244,0.5743195168,1.0
1.716,-2.956120053,1.499059815,1.457059876,1.0
1.717,-2.82238808,0.6251541964,2.197233539,1.0
1.718,-2.405194412,-0.3158987918,2.72109291,1.0
1.719,-1.744941314,-1.231177257,2.976118357,1.0
1.72,-0.9061622476,-2.030089164,2.9362513,1.0
1.721,0.02881848373,-2.633329003,2.604510522,1.0
1.722,0.9679947461,-2.980727074,2.012732446,1.0
1.723,1.818737964,-3.037209254,1.218471512,1.0
1.724,2.49692144,-2.796283627,0.2993624919,1.0
1.725,2.935213522,-2.28071683,-0.654496333,1.0
1.726,3.089713474,-1.540333083,-1.549380014,1.0
1.727,2.944291885,-0.6471594138,-2.297132111,1.0
1.728,2.512217076,0.3116013539,-2.823818122,1.0
1.729,1.834902567,1.242087735,-3.076990077,1.0
1.73,0.9779067885,2.05295458,-3.030861248,1.0
1.731,0.0245739674,2.664312429,-2.688886392,1.0
1.732,-0.9320765928,3.015567552,-2.083491072,1.0
1.733,-1.798420594,3.071395586,-1.272975212,1.0
1.734,-2.489379015,2.82526113,-0.3358824182,1.0
1.735,-2.936762219,2.300135538,0.6366263219,1.0
1.736,-3.095982324,1.546330116,1.549651829,1.0
1.737,-2.950472068,0.6366462732,2.313825434,1.0
1.738,-2.513373187,-0.3406868463,2.854059726,1.0
1.739,-1.826315078,-1.290600113,3.116914967,1.0
1.74,-0.9554017985,-2.120454595,3.075856275,1.0
1.741,0.01519524889,-2.74908002,2.733884772,1.0
1.742,0.9914132905,-3.114695642,2.123282472,1.0
1.743,1.87843599,-3.180939526,1.302503765,1.0
1.744,2.589895456,-2.940421254,0.3505261142,1.0
1.745,3.056249294,-2.415463786,-0.6407851343,1.0
1.746,3.231523848,-1.655973114,-1.575550339,1.0
1.747,3.097778699,-0.7346496307,-2.363128689,1.0
1.748,2.666876625,0.2599900777,-2.926866376,1.0
1.749,1.979393573,1.232111462,-3.211504793,1.0
1.75,1.100773055,2.087771729,-3.188544649,1.0
1.751,0.1150921845,2.743964336,-2.859056506,1.0
1.752,-0.882975203,3.136638253,-2.253663157,1.0
1.753,-1.797239921,3.226924642,-1.42968494,1.0
1.754,-2.539256605,3.004965187,-0.465708892,1.0
1.755,-3.036874441,2.490961526,0.5459125441,1.0
1.756,-3.24125069,1.733328881,1.507921412,1.0
1.757,-3.131636288,0.8041152557,2.327520649,1.0
1.758,-2.717459231,-0.2078812157,2.925340113,1.0
1.759,-2.03749267,-1.205634065,3.243126485,1.0
1.76,-1.156180002,-2.093222973,3.249402832,1.0
1.761,-0.1574751537,-2.785070852,2.942545986,1.0
1.762,0.8632006411,-3.214184905,2.350984369,1.0
1.763,1.808103602,-3.338606515,1.530503134,1.0
1.764,2.586526472,-3.145453968,0.5589278112,1.0
1.765,3.123474528,-2.652180821,-0.4712933251,1.0
1.766,3.366837022,-1.904943377,-1.461893233,1.0
1.767,3.29238005,-0.9742430289,-2.318136619,1.0
1.768,2.906098244,0.0517377053,-2.957835593,1.0
1.769,2.243710775,1.075475953,-3.319186453,1.0
1.77,1.367347477,1.99934647,-3.366693778,1.0
1.771,0.3597300593,2.734894668,-3.094624683,1.0
1.772,-0.6836151747,3.211275671,-2.527660579,1.0
1.773,-1.663393225,3.382062031,-1.718669008,1.0
1.774,-2.485979492,3.229765876,-0.7437866873,1.0
1.775,-3.072367583,2.767627839,0.3047393687,1.0
1.776,-3.365767337,2.038481035,1.32728589,1.0
1.777,-3.337121495,1.110779918,2.226341169,1.0
1.778,-2.987974286,0.07215062435,2.915823295,1.0
1.779,-2.350420659,-0.9789089678,3.329329338,1.0
1.78,-1.484152834,-1.942427604,3.426580255,1.0
1.781,-0.4707976173,-2.726477837,3.197275396,1.0
1.782,0.5937744108,-3.255966101,2.662191762,1.0
1.783,1.608635233,-3.479845492,1.871210455,1.0
1.784,2.477408129,-3.375942966,0.8985351388,1.0
1.785,3.117259251,-2.953023792,-0.1642350776,1.0
1.786,3.466928395,-2.250178792,-1.216749179,1.0
1.787,3.492214438,-1.333019904,-2.159194107,1.0
1.788,3.189578613,-0.2875331554,-2.902045067,1.0
1.789,2.586555987,0.7878486917,-3.374404361,1.0
1.79,1.738894741,1.791726482,-3.53062101,1.0
1.791,0.7258520431,2.628588718,-3.354440671,1.0
1.792,-0.3573364485,3.218485149,-2.861148743,1.0
1.793,-1.408473603,3.504771276,-2.096297845,1.0
1.794,-2.327850063,3.458983183,-1.131133405,1.0
1.795,-3.027901786,3.084159477,-0.05625806114,1.0
1.796,-3.441498755,2.4145284,1.026969934,1.0
1.797,-3.528273931,1.512270972,2.016002528,1.0
1.798,-3.27883493,0.462072426,2.816762102,1.0
1.799,-2.715584451,-0.6371677744,3.352751892,1.0
1.8,-1.890741798,-1.681587787,3.572329353,1.0
1.801,-0.8815238326,-2.572044652,3.453568376,1.0
1.802,0.2171911428,-3.223813897,3.00662278,1.0
1.803,1.301765359,-3.5744932,2.272727999,1.0
1.804,2.269623314,-3.58997932,1.320356283,1.0
1.805,3.028925043,-3.267709693,0.2387850197,1.0
1.806,3.507260803,-2.637040737,-0.870219638,1.0
1.807,3.658552355,-1.756531214,-1.902020693,1.0
1.808,3.467355268,-0.7084362504,-2.758918593,1.0
1.809,2.950602152,0.4087929439,-3.359394735,1.0
1.81,2.155901697,1.489945588,-3.645847021,1.0
1.811,1.157218665,2.432807841,-3.590026364,1.0
1.812,0.04829795405,3.147734178,-3.196032125,1.0
1.813,-1.066562097,3.566304531,-2.499742564,1.0
1.814,-2.082009863,3.647911437,-1.565901829,1.0
1.815,-2.901552258,3.383550543,-0.4819986394,1.0
1.816,-3.446909262,2.796820427,0.6500884134,1.0
1.817,-3.665689891,1.942478806,1.723210636,1.0
1.818,-3.535854997,0.9002334944,2.63562107,1.0
1.819,-3.068617063,-0.2319395925,3.30055628,1.0
1.82,-2.307288583,-1.346843071,3.654131371,1.0
1.821,-1.322699504,-2.339004655,3.661703996,1.0
1.822,-0.2078355284,-3.114322851,3.322158353,1.0
1.823,0.9323566779,-3.598450042,2.666093478,1.0
1.824,1.990215171,-3.744946698,1.754731769,1.0
1.825,2.865076135,-3.539092399,0.6740166135,1.0
1.826,3.473631361,-2.998755952,-0.4748749841,1.0
1.827,3.758313464,-2.175390319,-1.582922685,1.0
1.828,3.690160622,-1.144901002,-2.545259169,1.0
1.829,3.275483413,-0.004265468078,-3.271217544,1.0
1.83,2.552390378,1.138151899,-3.690541965,1.0
1.831,1.587015065,2.175056957,-3.762071828,1.0
1.832,0.4719626992,3.007939669,-3.47990231,1.0
1.833,-0.6887505751,3.556020188,-2.867269697,1.0
1.834,-1.785317912,3.768285099,-1.982967405,1.0
1.835,-2.712602093,3.622283634,-0.9096818725,1.0
1.836,-3.383154678,3.13036254,0.2527917246,1.0
1.837,-2.789387719,3.284401327,-0.7918284647,1.0
1.838,-2.914757845,2.130385536,-0.8087959417,1.0
1.839,-1.917431019,1.617163905,-0.7247273704,1.0
1.84,-1.477501273,0.2144513631,-0.6324134244,1.0
1.841,-1.541038454,0.9271836874,-1.473923684,1.0
1.842,-0.383804173,1.207569964,-0.5805930961,1.0
1.843,-0.01260418148,1.393502832,-1.234515206,1.0
1.844,-0.36198574,1.283444376,-0.6999377336,1.0
1.845,-0.5871646808,1.206095584,-1.290577922,1.0
1.846,-0.3997025438,1.247286275,-0.6162811255,1.0
1.847,-0.6227106186,1.473326606,-0.7743067319,1.0
1.848,-0.7699200022,1.196266158,-0.4818345094,1.0
1.849,-0.9141598244,1.191487695,-0.5693189842,1.0
1.85,-0.9564252134,1.204396332,-0.09196187894,1.0
1.851,-0.9227613083,1.038154915,-0.04589422103,1.0
1.852,-1.098106719,0.8128694364,0.2107209507,1.0
1.853,-1.03749325,0.6186000215,0.2884858026,1.0
1.854,-0.9268240958,0.4805511669,0.5627634873,1.0
1.855,-0.8071918729,0.2781487243,0.6120602356,1.0
1.856,-0.7132664018,0.02137885704,0.6651256219,1.0
1.857,-0.5246649673,-0.1713862883,0.6371185369,1.0
1.858,-0.3119339814,-0.2954584279,0.6687633955,1.0
1.859,-0.1113759657,-0.3911485197,0.5556530745,1.0
1.86,0.05399247648,-0.4794608521,0.4323853773,1.0
1.861,0.195239164,-0.4571454356,0.2657622901,1.0
1.862,0.346530787,-0.3952803771,0.1091207496,1.0
1.863,0.4074388213,-0.3003440149,-0.06297472854,1.0
1.864,0.4250368949,-0.1813973201,-0.2271521096,1.0
1.865,0.4036803253,-0.01714465963,-0.363876158,1.0
1.866,0.3383837099,0.1413788262,-0.4293769467,1.0
1.867,0.2202773704,0.3106521705,-0.493465847,1.0
1.868,0.078866658,0.4317554115,-0.4875840059,1.0
1.869,-0.08377214962,0.5546034093,-0.4357315289,1.0
1.87,-0.2284878065,0.6269787874,-0.3477035265,1.0
1.871,-0.3839929881,0.6444206369,-0.2192827094,1.0
1.872,-0.5231108914,0.6265521455,-0.07561643603,1.0
1.873,-0.6043640434,0.5621375698,0.07751609401,1.0
1.874,-0.6701746959,0.4681313392,0.2449317596,1.0
1.875,-0.6753970415,0.3333825605,0.3815516808,1.0
1.876,-0.6493584555,0.1831656719,0.4996688957,1.0
1.877,-0.5842621515,0.03417996943,0.588972363,1.0
1.878,-0.465681217,-0.1217422832,0.629654215,1.0
1.879,-0.3462627711,-0.2487446241,0.6338493492,1.0
1.88,-0.2017619062,-0.3555140106,0.5928313946,1.0
1.881,-0.05240145478,-0.4240766291,0.514445457,1.0
1.882,0.08246050527,-0.4465902702,0.4034230639,1.0
1.883,0.202000991,-0.4436772709,0.2787740933,1.0
1.884,0.29152859,-0.3899026735,0.1348314137,1.0
1.885,0.342958952,-0.3020788033,-0.002566776779,1.0
1.886,0.364429559,-0.1976444356,-0.127807472,1.0
1.887,0.3398200587,-0.06845543292,-0.2345472897,1.0
1.888,0.2797956726,0.06353994787,-0.3073292977,1.0
1.889,0.1918127268,0.1917797931,-0.347023425,1.0
1.89,0.08617505111,0.3074481944,-0.3564951902,1.0
1.891,-0.0403449064,0.3975215639,-0.3211316107,1.0
1.892,-0.168933465,0.4602941013,-0.2557161745,1.0
1.893,-0.2914918929,0.4964076921,-0.1685117858,1.0
1.894,-0.4023065773,0.4912787534,-0.05240840323,1.0
1.895,-0.4838651135,0.4486851968,0.07082552687,1.0
1.896,-0.545418982,0.3809858717,0.1994455504,1.0
1.897,-0.5702017029,0.2868950629,0.3187159292,1.0
1.898,-0.5529364758,0.1699202692,0.4183053476,1.0
1.899,-0.5095572502,0.04717765975,0.4969821849,1.0
1.9,-0.4352566952,-0.07935124486,0.5492087637,1.0
1.901,-0.3322938452,-0.1949168395,0.5620708869,1.0
1.902,-0.2130088427,-0.2879173438,0.5353193457,1.0
1.903,-0.08406193833,-0.3676850788,0.4855655183,1.0
1.904,0.04055163023,-0.403041501,0.3962710427,1.0
1.905,0.1498366856,-0.4034273706,0.2872246728,1.0
1.906,0.2427558081,-0.3730072678,0.1634227922,1.0
1.907,0.3056579145,-0.3078570003,0.03521966642,1.0
1.908,0.331121492,-0.2146911462,-0.08343849097,1.0
1.909,0.3204588133,-0.09914762132,-0.1886404008,1.0
1.91,0.2819974936,0.02827991382,-0.277788782,1.0
1.911,0.202234835,0.1565764292,-0.3264029152,1.0
1.912,0.09708427851,0.2739675718,-0.3390226423,1.0
1.913,-0.02811024608,0.3816679189,-0.321762213,1.0
1.914,-0.1613281727,0.4533400872,-0.2601738433,1.0
1.915,-0.2875817786,0.4895516843,-0.1703177066,1.0
1.916,-0.4074086825,0.4907644328,-0.05207248129,1.0
1.917,-0.5040754871,0.4560286116,0.07933504908,1.0
1.918,-0.5629598256,0.3819735654,0.2122029333,1.0
1.919,-0.586052888,0.2732809271,0.343517234,1.0
1.92,-0.5756246934,0.1450407601,0.4611313864,1.0
1.921,-0.5144961145,0.001732303274,0.5433623127,1.0
1.922,-0.4214272061,-0.1338417122,0.5854858091,1.0
1.923,-0.2961108978,-0.2677340788,0.5937145902,1.0
1.924,-0.1585542097,-0.3662758067,0.5547178207,1.0
1.925,-0.01684676661,-0.429931862,0.4764716967,1.0
1.926,0.12016114,-0.4553228666,0.3644191784,1.0
1.927,0.2404459987,-0.4424820895,0.2311746353,1.0
1.928,0.3251925431,-0.3831623307,0.08706993832,1.0
1.929,0.3698377805,-0.2836043294,-0.05753826377,1.0
1.93,0.3813695915,-0.1574112795,-0.1954514922,1.0
1.931,0.3374272473,-0.01011664431,-0.2987432724,1.0
1.932,0.2561386618,0.1356692937,-0.3635258938,1.0
1.933,0.1363976689,0.2832831564,-0.3916917112,1.0
1.934,-0.002661640223,0.4020284108,-0.3713469313,1.0
1.935,-0.1517665005,0.4857149986,-0.3060703833,1.0
1.936,-0.3029047975,0.5305510472,-0.2001443232,1.0
1.937,-0.4419028269,0.5359445565,-0.06661865797,1.0
1.938,-0.5435478021,0.4865027708,0.08449004919,1.0
1.939,-0.6075797757,0.3955290707,0.2390982924,1.0
1.94,-0.633406041,0.2688087572,0.3914312421,1.0
1.941,-0.6006181645,0.118232511,0.5092513514,1.0
1.942,-0.5254924664,-0.03625213442,0.5883252046,1.0
1.943,-0.4079429902,-0.1941554652,0.6283176317,1.0
1.944,-0.2658792463,-0.3264516461,0.6185205552,1.0
1.945,-0.1107124021,-0.4213009672,0.558065309,1.0
1.946,0.04729357489,-0.478113719,0.4564823289,1.0
1.947,0.1940864702,-0.4912268167,0.3226678025,1.0
1.948,0.3063251527,-0.4497635791,0.168959608,1.0
1.949,0.3764938807,-0.362718279,0.01141100344,1.0
1.95,0.4101867708,-0.2389441639,-0.1462776521,1.0
1.951,0.3842742413,-0.08871180353,-0.2705665,1.0
1.952,0.3142201656,0.06688953861,-0.3563251402,1.0
1.953,0.2006780151,0.2271109706,-0.4032940644,1.0
1.954,0.05950830119,0.3653177399,-0.4003497067,1.0
1.955,-0.09552296651,0.4648169519,-0.3448831287,1.0
1.956,-0.2553074131,0.5274687794,-0.2480863687,1.0
1.957,-0.4065028496,0.5454390541,-0.1149708195,1.0
1.958,-0.5208252144,0.5064535866,0.03833356159,1.0
1.959,-0.5948309751,0.4224283659,0.1960681842,1.0
1.96,-0.6306104844,0.2989145614,0.3551216451,1.0
1.961,-0.605745057,0.1482248484,0.4809408625,1.0
1.962,-0.5347329779,-0.007968280833,0.5659250074,1.0
1.963,-0.42275786,-0.168185309,0.6138413944,1.0
1.964,-0.279991467,-0.3057943486,0.6086115674,1.0
1.965,-0.1263120158,-0.4025561999,0.5515989212,1.0
1.966,0.02976594381,-0.4625466053,0.4551888397,1.0
1.967,0.1767827548,-0.4771707803,0.3226343009,1.0
1.968,0.2855422194,-0.4355974086,0.1722716357,1.0
1.969,0.3538107344,-0.3524062261,0.02057009257,1.0
1.97,0.3853096406,-0.2310120187,-0.132548012,1.0
1.971,0.3578255036,-0.08495117523,-0.2511371275,1.0
1.972,0.2874269829,0.06460212175,-0.3304260436,1.0
1.973,0.1781494562,0.2172761373,-0.3740828331,1.0
1.974,0.03906739416,0.3474276602,-0.3652039112,1.0
1.975,-0.1070526529,0.4364607288,-0.3081741092,1.0
1.976,-0.2561870755,0.4905273748,-0.2133671367,1.0
1.977,-0.3951459602,0.4994605126,-0.08347806977,1.0
1.978,-0.4940937336,0.4541978906,0.0607075826,1.0
1.979,-0.5549298485,0.3701715123,0.2053550145,1.0
1.98,-0.5787875996,0.2496560748,0.3495025634,1.0
1.981,-0.544938107,0.1075662809,0.4577043206,1.0
1.982,-0.470830243,-0.03515124903,0.5261677869,1.0
1.983,-0.3616660136,-0.1783286204,0.5599091285,1.0
1.984,-0.2249652705,-0.2965191684,0.5413056299,1.0
1.985,-0.08590859446,-0.3722606542,0.4779041198,1.0
1.986,0.05226389515,-0.4140062407,0.3812225645,1.0
1.987,0.1769508496,-0.4112641598,0.2536394542,1.0
1.988,0.2603898003,-0.3587112062,0.117598923,1.0
1.989,0.3073500464,-0.2730420046,-0.01521658697,1.0
1.99,0.3182330085,-0.1556347473,-0.1437039262,1.0
1.991,0.2769399162,-0.02240666795,-0.2356728971,1.0
1.992,0.2006003763,0.1076369073,-0.2894876349,1.0
1.993,0.09389880251,0.2356208542,-0.3109828454,1.0
1.994,-0.03553680471,0.3371917957,-0.2831789176,1.0
1.995,-0.1627263398,0.3973201332,-0.2161773747,1.0
1.996,-0.2873436081,0.4255335875,-0.1199814311,1.0
1.997,-0.395855344,0.4112931261,0.002648785775,1.0
1.998,-0.4620468058,0.3512773442,0.1288147779,1.0
1.999,-0.4943335581,0.2634642074,0.2487403574,1.0
